,layer,label,surface,dist
0,l6,251,67.8121272153279,801.1047907379638
1,l6,336,55.74739292548429,803.8453868467275
2,l6,347,63.23584869159412,793.3426023388868
3,l6,357,38.27432947122802,805.4819390410078
4,l6,471,52.835215683108245,804.3437499453868
5,l6,483,58.2435448475209,795.3230221222612
6,l6,504,52.41919036276881,790.1113634938463
7,l6,505,35.362152228851976,798.6354790694647
8,l6,522,50.75508908141107,777.5503162858067
9,l6,523,54.91534228480542,782.535551168324
10,l6,544,56.16341824582373,784.8719587844225
11,l6,545,28.289721783081582,808.4312204533745
12,l6,554,37.02625351020971,796.524092519328
13,l6,591,34.5301015881731,807.9448259515826
14,l6,616,49.090987800053334,810.216403490808
15,l6,623,53.66726632378712,796.5018727676609
16,l6,637,79.46083618483209,773.7352020831182
17,l6,638,40.354456072925196,811.5830450177366
18,l6,641,37.858304150888586,780.2257252489997
19,l6,642,61.98777273057582,788.846612413463
20,l6,685,53.25124100344768,796.8907355539816
21,l6,713,58.2435448475209,796.2147295458067
22,l6,720,46.17881055767729,814.2708083072563
23,l6,734,47.842911839035025,785.0235420244312
24,l6,744,34.5301015881731,770.7140188748311
25,l6,745,49.9230384407322,773.5626138380109
26,l6,746,47.842911839035025,778.8568935192417
27,l6,752,61.98777273057582,807.5301009349376
28,l6,769,47.01086119835615,800.0644215165646
29,l6,770,49.090987800053334,813.983668349386
30,l6,771,54.49931696446599,817.625622148375
31,l6,780,45.346759916998415,763.6792851880501
32,l6,781,56.9954688865026,788.327332579711
33,l6,789,64.48392465261243,771.3306268255337
34,l6,797,48.25893715937446,764.6168989547202
35,l6,805,36.610228189870284,752.2897230056976
36,l6,809,54.91534228480542,755.1219952953297
37,l6,817,37.858304150888586,767.7093253731555
38,l6,831,51.17111440175051,776.5746158081269
39,l6,846,57.41149420684203,755.6939588190604
40,l6,847,65.73200061363073,797.4496015354624
41,l6,848,42.01855735428293,810.6763927540349
42,l6,849,56.9954688865026,814.1623139134401
43,l6,869,43.68265863564068,786.2838002227965
44,l6,877,30.785873705118192,799.1857662644043
45,l6,888,44.93073459665898,820.7364469315087
46,l6,896,80.29288682551096,753.9207234173082
47,l6,908,49.090987800053334,758.2003906343143
48,l6,909,54.49931696446599,769.4373942105361
49,l6,940,55.74739292548429,741.8904897156638
50,l6,941,56.16341824582373,746.6689728634473
51,l6,967,119.81529225775728,798.0026281541442
52,l6,974,58.65957016786034,776.2438019183373
53,l6,984,60.323671449218075,792.3032461918771
54,l6,988,40.77048139326463,768.0989735606325
55,l6,989,51.17111440175051,782.7073970467685
56,l6,993,22.049341977990057,747.7598083331039
57,l6,994,33.2820256271548,769.3602180416007
58,l6,995,38.27432947122802,815.3344814384028
59,l6,1018,44.51470927631954,755.4570550190864
60,l6,1019,71.55635509838282,816.9703835346529
61,l6,1036,45.346759916998415,759.5959626969442
62,l6,1045,40.354456072925196,732.7045046354905
63,l6,1053,56.9954688865026,746.435242647935
64,l6,1054,19.96921537629288,763.7433417306455
65,l6,1055,58.2435448475209,781.5396799308503
66,l6,1072,43.26663331530124,783.0591685012917
67,l6,1078,78.21276022381379,735.8036641378578
68,l6,1079,32.44997498647593,820.1888264913175
69,l6,1086,63.23584869159412,758.8900682628974
70,l6,1087,33.2820256271548,765.7322023889799
71,l6,1088,98.5980009204461,769.1468225780764
72,l6,1101,62.40379805091525,793.7863188602244
73,l6,1110,38.27432947122802,740.5551364020384
74,l6,1111,54.083291644126554,745.9650618818878
75,l6,1112,60.323671449218075,789.1183328495822
76,l6,1113,29.537797744099887,829.2336648695585
77,l6,1130,56.9954688865026,736.9401097666796
78,l6,1131,43.26663331530124,780.6671776105227
79,l6,1140,61.98777273057582,810.7189445662125
80,l6,1157,37.44227883054915,804.4756893284139
81,l6,1158,52.41919036276881,835.2254152029581
82,l6,1168,23.713443259347795,720.6688022077153
83,l6,1169,41.18650671360407,745.1746591443715
84,l6,1182,53.66726632378712,760.8700410395558
85,l6,1192,45.346759916998415,787.890466669316
86,l6,1196,51.17111440175051,756.0020206793979
87,l6,1197,44.098683955980114,828.9934239240195
88,l6,1203,64.89994997295186,746.3259891006346
89,l6,1204,64.06789933227299,797.5196358917481
90,l6,1205,53.25124100344768,808.2490752819132
91,l6,1217,56.9954688865026,769.8331365347816
92,l6,1233,74.05250702041943,727.8752404610505
93,l6,1234,58.2435448475209,785.6251245363616
94,l6,1235,56.579443566163164,818.6360755786523
95,l6,1246,55.331367605144855,752.9909771436666
96,l6,1253,24.9615192203661,720.5689561774059
97,l6,1263,56.9954688865026,735.4218252632683
98,l6,1271,31.201899025457625,764.1352242095309
99,l6,1276,44.93073459665898,761.3481128488928
100,l6,1277,40.77048139326463,776.688216927259
101,l6,1278,47.01086119835615,789.4874293513366
102,l6,1287,52.00316504242937,718.9488502434974
103,l6,1288,60.73969676955751,756.5000166418295
104,l6,1289,52.835215683108245,825.3783522982259
105,l5,1297,28.289721783081582,714.5728553417398
106,l6,1305,84.45314002890531,734.3905460984905
107,l6,1311,64.48392465261243,738.6917687419715
108,l6,1319,64.89994997295186,727.3788969557229
109,l6,1320,68.22815253566735,800.8865885151887
110,l6,1321,49.50701312039276,817.0307794596939
111,l6,1325,66.14802593397016,769.5415430754604
112,l6,1334,58.2435448475209,779.0040785902929
113,l6,1335,36.19420286953085,809.4394958923735
114,l6,1339,52.00316504242937,789.4836073594861
115,l6,1340,62.819823371254685,831.0145380330849
116,l5,1354,41.18650671360407,710.617151806101
117,l6,1362,65.3159752932913,748.1335289141529
118,l6,1363,31.201899025457625,759.4614842148341
119,l6,1377,54.49931696446599,789.8217209546884
120,l6,1383,44.93073459665898,716.5969828919444
121,l6,1384,72.80443105940113,817.180451163517
122,l6,1385,60.73969676955751,829.7492333274431
123,l5,1397,84.03711470856587,712.4601067027911
124,l6,1398,71.55635509838282,739.3253903210057
125,l6,1399,46.17881055767729,812.0858884584818
126,l6,1400,56.9954688865026,822.6426929452612
127,l5,1412,25.377544540705536,702.755689132171
128,l6,1413,40.354456072925196,807.9659402188593
129,l6,1414,42.01855735428293,836.4073471582853
130,l6,1424,74.8845576610983,769.1193931373389
131,l6,1435,63.23584869159412,740.8603069374552
132,l6,1436,80.70891214585039,776.4208707434583
133,l6,1437,60.73969676955751,798.0783791818232
134,l6,1444,61.571747410236384,757.5807701607484
135,l6,1445,42.43458267462237,794.9015536950872
136,l6,1446,38.69035479156746,837.7190415646508
137,l6,1451,55.331367605144855,728.9115107170871
138,l6,1452,60.323671449218075,782.3456548795705
139,l6,1453,54.083291644126554,789.8858048563112
140,l6,1460,41.18650671360407,753.1108783308113
141,l6,1469,61.15572208989695,731.3041073277203
142,l6,1470,40.77048139326463,837.46364867847
143,l6,1475,47.842911839035025,724.0394828289933
144,l6,1482,91.10954515433627,821.119966064036
145,l5,1504,40.77048139326463,704.1916314401087
146,l6,1505,36.19420286953085,806.5151104360274
147,l6,1511,68.64417785600678,780.7570892543258
148,l5,1517,38.27432947122802,706.4331789801557
149,l6,1518,98.5980009204461,743.8296775429843
150,l6,1519,43.26663331530124,831.5282426378569
151,l6,1527,34.5301015881731,793.2458992356699
152,l6,1528,26.62562050172384,829.4323022939568
153,l6,1529,12.064734289843615,837.7413030683878
154,l6,1536,55.331367605144855,736.7852827528884
155,l6,1537,67.39610189498848,796.9266188452241
156,l5,1540,26.209595181384405,691.0021614605625
157,l5,1541,47.842911839035025,714.7653775335239
158,l6,1551,68.64417785600678,729.2181958094352
159,l6,1558,45.76278523733785,748.8837680181146
160,l5,1567,56.579443566163164,715.7410932543501
161,l6,1568,46.17881055767729,736.4011388153946
162,l6,1569,53.25124100344768,803.0227242681985
163,l6,1570,51.17111440175051,811.2934399441901
164,l6,1577,49.090987800053334,758.0206692891446
165,l6,1578,41.602532033943504,761.1535296992652
166,l6,1583,56.16341824582373,786.6117762316163
167,l6,1590,70.72430445770395,764.5311851173054
168,l6,1591,94.85377303739118,768.9695646623576
169,l6,1595,52.00316504242937,814.0003048905127
170,l6,1612,41.602532033943504,750.6373404258603
171,l6,1613,76.96468426279547,774.520269682814
172,l5,1627,51.587139722089944,689.9629681546653
173,l6,1628,57.827519527181465,720.5295702072668
174,l5,1636,44.93073459665898,692.1597362305622
175,l6,1637,60.73969676955751,807.8526362239224
176,l6,1638,12.896784930522486,827.3554115631098
177,l5,1643,65.3159752932913,700.1085855756426
178,l6,1644,89.44544387297853,814.0310398367144
179,l6,1652,78.62878554415322,754.4369422965372
180,l6,1653,62.40379805091525,796.0285399921781
181,l6,1659,53.25124100344768,776.1244765603826
182,l5,1681,52.00316504242937,679.4199830076963
183,l5,1682,60.73969676955751,712.4833483897359
184,l6,1683,79.87686150517152,801.524211484028
185,l6,1690,57.41149420684203,730.2049994815392
186,l6,1696,59.90764612887864,814.6721892162526
187,l6,1701,39.93843075258576,738.6733426262463
188,l6,1702,63.65187401193356,788.1587818457889
189,l6,1732,34.114076267833674,725.3401441028074
190,l5,1745,91.5255704746757,695.38633663699
191,l5,1746,43.68265863564068,707.0437302084634
192,l6,1747,82.37301342720814,750.9470293065979
193,l6,1748,76.96468426279547,759.7877137516409
194,l5,1757,56.16341824582373,691.5369246546709
195,l5,1758,78.62878554415322,699.4626626310537
196,l6,1759,80.70891214585039,772.0141586333672
197,l6,1760,44.93073459665898,807.1629468151159
198,l5,1766,63.65187401193356,714.6803020303512
199,l6,1775,71.14032977804338,767.219030348657
200,l6,1781,59.90764612887864,725.7802424924432
201,l6,1782,64.06789933227299,784.0406872696565
202,l6,1783,59.90764612887864,811.034104310388
203,l5,1791,64.89994997295186,717.7321399962766
204,l6,1792,75.71660830177717,736.038906326746
205,l6,1802,55.74739292548429,806.6026287948337
206,l5,1816,28.289721783081582,671.5864192680281
207,l5,1817,54.083291644126554,672.5572758357343
208,l5,1826,52.41919036276881,676.3917853870271
209,l6,1827,67.8121272153279,738.4543995162187
210,l5,1842,54.083291644126554,708.8763815349344
211,l6,1843,96.51787431874892,738.7093346572575
212,l6,1848,63.65187401193356,794.6010115119069
213,l5,1854,36.19420286953085,664.8363879319804
214,l5,1855,108.58260860859254,696.7892937227381
215,l5,1856,30.785873705118192,714.4023216279222
216,l6,1857,73.22045637974057,771.5924097945073
217,l6,1858,57.827519527181465,799.674866165084
218,l6,1868,70.30827913736452,803.5696263093938
219,l6,1876,118.56721629673898,759.8516264248078
220,l6,1884,51.587139722089944,722.2497121728451
221,l5,1907,72.3884057390617,661.5877369389677
222,l5,1908,57.41149420684203,674.6074052041641
223,l5,1909,65.3159752932913,680.0813029460954
224,l5,1916,14.97691153221966,656.5952236387178
225,l6,1923,96.1018489984095,741.6910298837307
226,l6,1924,99.43005156112497,772.2607547181827
227,l6,1925,104.42235540519819,780.5930398178909
228,l5,1938,101.92620348316157,683.7012956134267
229,l5,1939,63.23584869159412,700.7473742754673
230,l5,1940,63.65187401193356,707.5577323476875
231,l6,1941,68.64417785600678,789.5060025497384
232,l6,1950,55.331367605144855,723.9038215083925
233,l6,1957,59.49162080853921,793.3607246555192
234,l6,1958,6.240379805091525,801.4267108200258
235,l6,1967,47.01086119835615,796.2856273411674
236,l5,1974,60.323671449218075,664.7213790735561
237,l5,1975,67.39610189498848,673.8746731400336
238,l6,1976,51.17111440175051,727.2524369079812
239,l6,1990,86.11724131026305,731.2910616288409
240,l5,1996,36.610228189870284,717.5898329349384
241,l6,1997,59.075595488199774,763.0789498399199
242,l5,2003,59.075595488199774,693.8501571645593
243,l6,2004,70.72430445770395,780.120383257292
244,l5,2016,55.331367605144855,709.3720163529484
245,l6,2017,53.66726632378712,765.1860368763896
246,l5,2024,54.49931696446599,687.5656646121992
247,l6,2031,101.92620348316157,750.1492125211504
248,l5,2035,47.842911839035025,711.8311845565087
249,l6,2036,91.5255704746757,754.8771261302073
250,l6,2037,72.80443105940113,770.7776286326675
251,l5,2045,39.106380111906894,662.7824463092137
252,l5,2046,82.37301342720814,720.293527056612
253,l5,2057,60.323671449218075,646.6472686898098
254,l5,2063,71.14032977804338,669.7968775784827
255,l5,2064,52.00316504242937,681.4307170726041
256,l5,2072,28.705747103421015,645.8306118159576
257,l5,2073,66.14802593397016,649.1297551370982
258,l5,2074,50.339063761071635,699.5050804240578
259,l6,2075,35.362152228851976,733.8537519591367
260,l6,2076,69.89225381702508,742.21231998549
261,l5,2082,51.17111440175051,657.5622610434262
262,l5,2083,37.858304150888586,663.207377625045
263,l6,2095,37.02625351020971,780.4147726078734
264,l5,2103,51.17111440175051,703.074499038537
265,l6,2104,50.75508908141107,736.5777753576158
266,l6,2126,39.52240543224632,780.5314803172173
267,l5,2130,24.545493900026667,640.5480745737902
268,l5,2131,71.97238041872225,688.2028818140922
269,l6,2132,41.602532033943504,728.7990813284948
270,l6,2133,69.89225381702508,759.1853304806604
271,l6,2134,111.91081117130801,771.1909102580622
272,l5,2145,81.54096278652926,695.1740717434451
273,l6,2146,39.52240543224632,729.4365925526487
274,l5,2168,58.2435448475209,709.4729897376274
275,l6,2169,47.01086119835615,767.341270045235
276,l6,2170,54.083291644126554,773.6514622048094
277,l5,2176,62.40379805091525,644.1798554184297
278,l5,2200,89.44544387297853,666.0676441546613
279,l6,2207,47.842911839035025,740.0716783761702
280,l5,2216,43.68265863564068,657.7711341798325
281,l6,2217,76.1326336221166,743.867893667804
282,l6,2228,66.5640512543096,748.7280425485059
283,l6,2235,52.00316504242937,734.765341259061
284,l6,2244,76.96468426279547,752.1137432858956
285,l6,2253,63.65187401193356,756.7120512198908
286,l5,2261,72.3884057390617,666.2873848389679
287,l5,2272,61.98777273057582,656.0578674220422
288,l5,2280,55.74739292548429,629.1977929951105
289,l5,2281,69.89225381702508,668.494516661308
290,l5,2300,63.23584869159412,641.9967355461314
291,l5,2301,107.33453264757424,682.8787370394115
292,l5,2302,87.78134259162078,697.3192075030327
293,l5,2303,64.06789933227299,714.4096132873226
294,l6,2304,65.3159752932913,757.1356688824218
295,l5,2311,89.02941855263909,689.1096910238778
296,l6,2312,59.90764612887864,748.5781913946574
297,l6,2313,5.8243544847520905,772.1065879062426
298,l5,2318,71.97238041872225,674.1715459899452
299,l5,2326,78.62878554415322,708.2685794981923
300,l5,2327,56.9954688865026,724.2208337897167
301,l5,2336,73.22045637974057,626.9357963552682
302,l6,2337,54.083291644126554,761.2803734775717
303,l5,2349,54.083291644126554,649.1303798246771
304,l5,2350,61.98777273057582,729.8418501986091
305,l5,2375,46.594835878016724,664.643287987591
306,l5,2376,81.54096278652926,732.911600694225
307,l6,2377,64.89994997295186,739.7663669934843
308,l6,2378,52.835215683108245,750.6460714693808
309,l5,2385,78.21276022381379,656.1332295014096
310,l5,2391,52.41919036276881,633.0399748744666
311,l6,2392,57.827519527181465,762.4553011245949
312,l5,2405,56.16341824582373,641.2357839996788
313,l5,2406,49.9230384407322,665.8241665187593
314,l5,2407,100.26210220180384,670.0427038195254
315,l6,2408,69.0602031763462,750.683390948974
316,l5,2411,59.49162080853921,694.6789226310632
317,l6,2412,61.571747410236384,753.4421312446518
318,l5,2417,85.28519066958418,616.1557835184225
319,l5,2418,96.51787431874892,649.237214954572
320,l5,2419,46.17881055767729,721.0896654336699
321,l6,2420,69.0602031763462,740.8619021752529
322,l5,2432,107.75055796791366,699.0641255169551
323,l5,2450,47.842911839035025,622.8354897959841
324,l5,2461,67.39610189498848,678.137169685287
325,l5,2478,83.62108938822644,705.2172426308631
326,l5,2479,51.587139722089944,714.6173067950591
327,l5,2480,91.5255704746757,730.7385481446847
328,l5,2489,74.46853234075887,682.888802917298
329,l5,2494,31.61792434579706,622.2459052128563
330,l6,2502,60.323671449218075,737.3092551345385
331,l5,2510,86.94929195094191,647.9972132139418
332,l6,2519,56.9954688865026,738.6974219693407
333,l5,2524,39.106380111906894,650.9948525118983
334,l5,2525,61.15572208989695,666.0445918651948
335,l5,2526,61.15572208989695,709.656311519374
336,l5,2527,34.5301015881731,718.6298396410126
337,l5,2528,47.01086119835615,723.3691696641779
338,l5,2552,60.323671449218075,629.7740300747467
339,l5,2553,60.323671449218075,654.3918942801175
340,l5,2569,22.46536729832949,616.2533509967745
341,l5,2570,69.47622849668565,683.5861740834697
342,l6,2571,50.75508908141107,745.7931128658646
343,l5,2582,60.323671449218075,695.7692455992202
344,l5,2583,51.587139722089944,720.9672716582976
345,l6,2584,80.29288682551096,740.5687723962953
346,l5,2592,47.42688651869559,611.9912216539723
347,l5,2602,85.70121598992361,616.9593503023254
348,l6,2603,41.18650671360407,736.7015180516155
349,l5,2609,96.51787431874892,687.1224031071449
350,l5,2614,45.76278523733785,724.4228145737874
351,l5,2621,66.5640512543096,656.9693719487132
352,l5,2629,41.602532033943504,606.0812610354715
353,l5,2630,75.30058298143774,730.0267870184449
354,l6,2631,0.416025320339435,745.213095065617
355,l5,2639,55.74739292548429,624.9895053718649
356,l5,2640,32.44997498647593,629.8538470181262
357,l5,2641,94.0217223967123,664.4382387181593
358,l5,2642,56.16341824582373,673.804714676559
359,l5,2643,52.00316504242937,726.7751384398762
360,l5,2649,37.858304150888586,611.3443604817751
361,l5,2655,36.610228189870284,608.9275188844935
362,l5,2663,39.52240543224632,679.223873965566
363,l5,2671,55.74739292548429,629.522469436452
364,l5,2672,75.30058298143774,714.1063957139733
365,l5,2679,63.23584869159412,658.1709602285365
366,l6,2680,64.48392465261243,737.1711529644231
367,l5,2685,67.39610189498848,687.6242415416128
368,l5,2691,101.09415284248271,699.8062768077546
369,l5,2695,72.80443105940113,652.2769872937436
370,l5,2696,90.69351983399683,666.8635452062626
371,l5,2697,64.06789933227299,681.3699029045763
372,l5,2706,86.11724131026305,695.934169715028
373,l5,2714,107.75055796791366,704.5477914259285
374,l5,2727,94.0217223967123,608.6049433882071
375,l5,2743,57.41149420684203,601.3239254153473
376,l5,2744,99.01402624078553,673.2544090149539
377,l5,2753,136.87233039167413,628.7464848526404
378,l5,2754,52.835215683108245,642.8381395529634
379,l5,2755,149.7691153221966,710.8923893787713
380,l5,2756,71.97238041872225,717.8015340644401
381,l5,2763,113.9909377730052,655.9238266069042
382,l5,2775,47.01086119835615,587.5484726152741
383,l5,2776,56.9954688865026,624.7417373994467
384,l5,2777,85.70121598992361,681.8467898755288
385,l5,2783,27.041645822063277,597.1492728411208
386,l5,2797,46.17881055767729,707.9233671556472
387,l5,2798,42.43458267462237,728.9798351161243
388,l5,2799,20.385240696632316,730.6325516790257
389,l5,2814,38.69035479156746,589.6672860865757
390,l5,2815,49.50701312039276,617.9107766525668
391,l5,2827,57.41149420684203,609.0622970882862
392,l5,2828,75.30058298143774,632.8203071339375
393,l5,2843,69.0602031763462,640.6915592419721
394,l5,2850,84.45314002890531,610.5437712555531
395,l5,2860,56.16341824582373,671.9237730458644
396,l5,2866,39.106380111906894,720.1702843188311
397,l5,2883,45.346759916998415,633.3537708447869
398,l5,2900,58.2435448475209,624.068153493081
399,l5,2901,102.34222880350102,652.821589169182
400,l5,2902,112.32683649164746,686.7176044695416
401,l5,2913,74.05250702041943,670.3213493696861
402,l5,2914,60.323671449218075,697.1043373640873
403,l5,2915,81.12493746618983,709.8186053308012
404,l5,2932,61.15572208989695,598.5035791216947
405,l5,2933,81.95698810686869,673.6157129211502
406,l5,2938,33.2820256271548,591.9986133139812
407,l5,2955,61.15572208989695,676.916894989231
408,l5,2956,50.339063761071635,698.6950034248207
409,l5,2964,56.579443566163164,656.9380433989938
410,l5,2974,110.24670988995028,581.3269752185255
411,l5,2978,93.60569707637288,609.9930605099613
412,l5,2979,66.5640512543096,624.6864421250317
413,l5,2980,78.62878554415322,637.8892772033398
414,l5,2981,67.8121272153279,710.7141853413581
415,l5,2988,45.346759916998415,626.369661684761
416,l5,2999,96.93389963908835,593.8705916532512
417,l5,3000,27.873696462742146,670.5347304930328
418,l5,3001,64.06789933227299,690.5994005673122
419,l5,3005,87.36531727128136,660.2014733535337
420,l5,3006,46.17881055767729,692.3874505659335
421,l5,3014,80.70891214585039,585.2906814710425
422,l5,3019,106.91850732723479,571.3136478875464
423,l5,3023,72.3884057390617,567.9741979383346
424,l5,3024,42.43458267462237,597.2088527226018
425,l5,3025,27.873696462742146,675.7939246514858
426,l5,3026,94.43774771705175,684.1626285005561
427,l5,3033,71.14032977804338,602.5411570966631
428,l5,3040,50.75508908141107,628.307757946779
429,l5,3041,70.72430445770395,701.6929253509609
430,l5,3048,27.45767114240271,587.4965801692069
431,l5,3059,71.97238041872225,674.3400424331713
432,l5,3071,47.42688651869559,637.2420604100352
433,l5,3082,54.91534228480542,596.1739896205248
434,l5,3083,60.73969676955751,677.1612485982464
435,l5,3097,45.76278523733785,644.9677710202742
436,l5,3098,36.610228189870284,688.3371285381963
437,l5,3112,98.18197560010667,556.3301301654528
438,l5,3113,64.89994997295186,635.9996710873633
439,l5,3120,70.72430445770395,603.4396524346879
440,l5,3134,52.41919036276881,614.7688611887271
441,l5,3146,7.0724304457703955,551.1714735322403
442,l5,3152,76.1326336221166,623.03914495224
443,l5,3153,90.69351983399683,695.5558589610256
444,l5,3160,45.346759916998415,585.2200746155469
445,l5,3161,61.15572208989695,595.8650726701478
446,l5,3171,48.25893715937446,585.2306925115292
447,l5,3172,77.79673490347434,616.571773086669
448,l5,3173,62.40379805091525,682.549207741092
449,l5,3179,43.26663331530124,664.4141318005042
450,l5,3180,88.61339323229966,669.9927671970177
451,l5,3198,55.331367605144855,590.1686580568701
452,l5,3199,55.331367605144855,643.9039005381499
453,l5,3206,71.97238041872225,654.2554451544356
454,l5,3217,116.07106437470237,598.4156131268853
455,l5,3218,99.43005156112497,682.8818748497685
456,l5,3223,38.27432947122802,579.6248269827269
457,l5,3224,73.22045637974057,673.9771952164974
458,l5,3230,20.801266016971752,545.1752375255512
459,l5,3231,64.89994997295186,584.0730398300472
460,l5,3232,0.416025320339435,691.3105746381625
461,l5,3246,19.553190055953447,564.8462327500393
462,l5,3247,69.47622849668565,602.9484513241289
463,l5,3253,65.73200061363073,577.3176496190514
464,l5,3260,44.098683955980114,551.7609125437223
465,l5,3261,85.28519066958418,613.6923691020221
466,l5,3271,58.65957016786034,621.1755196978045
467,l5,3277,24.545493900026667,634.2202195942218
468,l5,3285,62.40379805091525,641.6247804663078
469,l5,3294,106.91850732723479,655.3721693423197
470,l5,3303,57.41149420684203,614.3952621955045
471,l5,3304,67.8121272153279,682.7949468890081
472,l5,3309,50.339063761071635,545.5539710383468
473,l5,3310,54.91534228480542,673.1777353586642
474,l5,3333,86.94929195094191,566.1819678141385
475,l5,3334,69.89225381702508,623.1995048620447
476,l5,3335,61.15572208989695,639.797433113163
477,l5,3336,74.05250702041943,666.7438531439334
478,l5,3351,35.362152228851976,602.8698992290393
479,l5,3358,63.23584869159412,544.7187848707482
480,l5,3359,35.362152228851976,555.460132359731
481,l5,3364,51.587139722089944,647.5761938841897
482,l5,3383,65.3159752932913,626.5528597906738
483,l5,3384,41.602532033943504,671.1205359067042
484,l5,3391,76.54865894245604,673.4423850267335
485,l5,3398,43.26663331530124,668.6354031409052
486,l5,3407,83.62108938822644,609.034759304364
487,l5,3413,90.2774945136574,564.9543299124314
488,l5,3414,59.90764612887864,586.7069443708355
489,l5,3423,50.75508908141107,537.3444639415745
490,l5,3424,69.47622849668565,581.4851138275081
491,l5,3425,41.602532033943504,616.0786690457836
492,l5,3426,63.23584869159412,628.9884640805111
493,l5,3432,68.22815253566735,557.5602345751748
494,l5,3443,79.87686150517152,573.5591813086627
495,l5,3460,64.89994997295186,640.6328655090989
496,l5,3466,84.86916534924474,565.842968515647
497,l5,3467,83.20506406788701,659.2997749902967
498,l5,3476,62.40379805091525,529.0693399074983
499,l5,3477,64.89994997295186,625.0216543790726
500,l5,3485,90.69351983399683,579.7230211103092
501,l5,3489,73.63648170008,535.0098268020153
502,l5,3490,69.0602031763462,631.9452500113542
503,l5,3497,66.5640512543096,558.1013119257533
504,l5,3498,101.92620348316157,591.9184867355733
505,l5,3506,56.9954688865026,546.4870492267144
506,l5,3507,92.35762111535458,644.9807564423578
507,l5,3514,74.46853234075887,609.9116777517866
508,l5,3529,30.785873705118192,602.9414793973737
509,l5,3537,114.40696309334463,638.2278883123904
510,l5,3560,68.64417785600678,550.4597674642996
511,l5,3572,61.98777273057582,591.9084134923784
512,l5,3573,56.16341824582373,631.5998922736281
513,l5,3578,78.62878554415322,608.1572503815282
514,l5,3579,115.65503905436293,651.1845549039177
515,l5,3591,36.19420286953085,527.0889784870759
516,l5,3592,64.48392465261243,578.3292721525308
517,l5,3593,80.70891214585039,611.3072662977514
518,l5,3609,58.65957016786034,520.5151200097469
519,l5,3610,62.819823371254685,573.4735183220293
520,l5,3612,56.579443566163164,539.6838889494704
521,l5,3613,61.98777273057582,560.4555608955898
522,l5,3623,54.083291644126554,617.8113384981898
523,l5,3628,40.77048139326463,514.4252634528407
524,l5,3629,26.62562050172384,533.5216992368696
525,l5,3635,54.91534228480542,638.6632946996934
526,l5,3644,75.71660830177717,649.0122080114287
527,l5,3652,39.93843075258576,555.1486823914951
528,l5,3653,103.17427944417989,563.4210853817799
529,l5,3654,95.68582367807005,583.9862321503691
530,l5,3655,49.50701312039276,640.6083854168439
531,l5,3662,69.47622849668565,525.4348570086578
532,l5,3663,67.39610189498848,549.3525737362872
533,l5,3664,59.90764612887864,591.5105012067456
534,l5,3676,61.15572208989695,543.5052581666497
535,l5,3677,55.74739292548429,599.6305596731013
536,l5,3678,121.89541885945445,624.0467941060323
537,l5,3685,74.05250702041943,570.8019992132935
538,l5,3686,1.66410128135774,647.4107471953625
539,l5,3693,70.30827913736452,633.1804964356056
540,l5,3703,63.23584869159412,538.2251824490113
541,l5,3708,92.773646435694,606.2685939491032
542,l5,3709,44.098683955980114,629.5734204718417
543,l5,3720,49.090987800053334,507.85631949408173
544,l5,3726,102.34222880350102,636.6291818065848
545,l5,3735,66.14802593397016,610.7578801450729
546,l5,3745,28.705747103421015,518.2638993141746
547,l5,3763,27.041645822063277,494.11767929500854
548,l5,3764,85.70121598992361,540.4331367803562
549,l5,3765,61.15572208989695,590.8292156366657
550,l5,3771,48.25893715937446,524.6490042781056
551,l5,3772,54.91534228480542,535.4175511877022
552,l5,3783,39.52240543224632,518.0547827184712
553,l5,3784,39.52240543224632,520.2024166001198
554,l5,3785,77.38070958313492,578.7032702906033
555,l5,3786,50.75508908141107,624.404679850552
556,l5,3791,36.19420286953085,503.03288445929235
557,l5,3796,58.65957016786034,504.94718266409916
558,l5,3805,63.65187401193356,498.6637277084279
559,l5,3806,91.10954515433627,588.9055022650639
560,l5,3807,56.579443566163164,625.5760235748006
561,l5,3814,70.72430445770395,629.1686048474961
562,l5,3815,30.785873705118192,636.0864289705354
563,l5,3821,37.02625351020971,510.7158143936395
564,l5,3825,66.98007657464903,541.383824683617
565,l5,3834,90.69351983399683,613.1659335547193
566,l4,3839,44.93073459665898,486.71522651171205
567,l5,3840,107.33453264757424,523.6518777503093
568,l5,3841,67.8121272153279,560.0516847007959
569,l5,3842,91.5255704746757,581.0872324158657
570,l5,3856,32.03394966613649,554.8932107396281
571,l5,3857,61.15572208989695,564.502225211892
572,l5,3858,103.17427944417989,596.1743788785482
573,l5,3873,68.64417785600678,572.3918711746952
574,l5,3882,42.01855735428293,512.964763515719
575,l5,3888,45.76278523733785,548.7214772503922
576,l5,3889,61.571747410236384,563.097921422314
577,l5,3894,63.23584869159412,504.6975679707585
578,l5,3895,125.63964674250937,522.8449150906133
579,l5,3904,39.106380111906894,608.9217014065508
580,l5,3914,91.5255704746757,601.4224974571999
581,l5,3915,61.571747410236384,609.8165622583143
582,l4,3924,28.705747103421015,478.9683620197529
583,l5,3936,73.63648170008,534.7669345848157
584,l5,3937,63.23584869159412,571.9083177646125
585,l5,3938,115.65503905436293,617.1079654997959
586,l5,3941,57.41149420684203,529.218239677158
587,l5,3942,82.37301342720814,539.291797151727
588,l5,3943,94.85377303739118,580.604015597575
589,l5,3959,71.97238041872225,549.4217420957774
590,l5,3960,83.20506406788701,593.2061989298143
591,l4,3971,40.77048139326463,484.11731653225195
592,l5,3983,84.03711470856587,520.412992208816
593,l4,3996,56.579443566163164,479.42810874751297
594,l5,3997,61.15572208989695,490.07031764966086
595,l5,4002,48.6749624797139,493.8626439382476
596,l4,4007,47.42688651869559,481.6323987090504
597,l5,4008,97.3499249594278,558.881470595004
598,l5,4014,56.579443566163164,597.1790235398005
599,l5,4024,56.16341824582373,515.7591563367517
600,l5,4025,76.1326336221166,548.79853092047
601,l5,4026,72.3884057390617,568.895648534016
602,l5,4044,56.9954688865026,499.4457739915556
603,l5,4045,64.48392465261243,572.8223026872035
604,l5,4052,81.95698810686869,608.6592149834879
605,l5,4062,47.01086119835615,506.796220206505
606,l5,4063,82.37301342720814,509.8301592224224
607,l4,4071,71.55635509838282,482.34910072473554
608,l4,4072,54.91534228480542,485.99108272661874
609,l5,4073,54.49931696446599,588.4191944599226
610,l5,4074,28.289721783081582,609.4321870394787
611,l4,4081,0.416025320339435,459.3355197251737
612,l5,4090,32.866000306815366,566.614316852108
613,l4,4111,48.25893715937446,468.14954165006105
614,l5,4112,67.39610189498848,592.1679682405928
615,l5,4123,99.8460768814644,572.1900561065654
616,l5,4124,83.62108938822644,583.8783024881496
617,l5,4125,44.93073459665898,595.2206448537249
618,l4,4133,48.25893715937446,476.44245324819724
619,l5,4145,41.18650671360407,493.030258144973
620,l5,4156,87.78134259162078,511.9446434872463
621,l5,4157,103.59030476451932,517.2057958107729
622,l5,4158,43.68265863564068,529.3102666577504
623,l5,4159,49.50701312039276,580.3310666086744
624,l4,4164,47.01086119835615,471.4513419013622
625,l5,4165,51.17111440175051,486.16718014488424
626,l5,4166,58.2435448475209,530.9589114506967
627,l5,4167,39.106380111906894,601.9177829001666
628,l5,4174,77.79673490347434,536.7390918337566
629,l5,4182,100.26210220180384,501.6573347278716
630,l5,4197,105.25440604587706,548.4852303861552
631,l4,4206,48.6749624797139,455.8321354256014
632,l5,4213,104.83838072553762,542.9283900965203
633,l4,4221,3.32820256271548,450.44999825304654
634,l5,4222,52.835215683108245,502.17766510192297
635,l5,4223,57.41149420684203,523.2187617372833
636,l5,4224,121.47939353911502,567.5309411050553
637,l4,4228,34.94612690851254,474.19352795757766
638,l5,4229,72.3884057390617,586.2411738448213
639,l5,4237,81.12493746618983,560.006879524587
640,l5,4247,50.339063761071635,539.5947262987274
641,l5,4253,142.28065955608676,552.1766796688338
642,l4,4261,39.52240543224632,483.0485037962117
643,l5,4262,128.55182398488543,573.383350795709
644,l4,4269,59.49162080853921,474.4044911050238
645,l5,4270,61.571747410236384,517.048528308542
646,l5,4283,44.098683955980114,568.3459321166976
647,l5,4284,57.827519527181465,590.8690413683104
648,l4,4293,53.66726632378712,449.5153452610912
649,l4,4307,32.44997498647593,444.0253705668759
650,l4,4308,47.42688651869559,450.7838431062946
651,l4,4309,38.69035479156746,468.8609398078095
652,l5,4310,101.09415284248271,490.57599853093984
653,l5,4311,29.12177242376045,558.3518321158923
654,l5,4314,71.14032977804338,507.4172190026022
655,l5,4315,67.39610189498848,581.6072836048576
656,l4,4323,60.323671449218075,462.6780460966374
657,l5,4324,71.97238041872225,521.7443117879899
658,l5,4328,60.323671449218075,533.4569576143131
659,l5,4329,85.70121598992361,571.5431413286103
660,l4,4333,96.1018489984095,450.6756166986905
661,l5,4334,44.93073459665898,502.0504750949592
662,l5,4358,65.73200061363073,493.2319809534374
663,l5,4359,67.8121272153279,510.4646390963288
664,l5,4360,51.587139722089944,557.3536001793658
665,l4,4379,60.323671449218075,467.64461824560954
666,l4,4380,51.17111440175051,476.80236865822684
667,l4,4381,45.76278523733785,479.50144952431094
668,l5,4382,58.65957016786034,495.574767856411
669,l4,4390,63.23584869159412,454.0379191254797
670,l5,4391,89.02941855263909,520.2402994854718
671,l4,4397,41.18650671360407,436.50644990659407
672,l5,4402,35.77817754919141,483.23036907157143
673,l5,4403,68.64417785600678,513.8707584934153
674,l5,4404,66.5640512543096,539.1323307237748
675,l4,4407,81.12493746618983,461.4647932696275
676,l5,4415,42.01855735428293,577.8749549992785
677,l4,4425,54.083291644126554,436.59387736148085
678,l4,4426,49.090987800053334,454.512981967758
679,l5,4427,88.61339323229966,560.1179468693889
680,l4,4437,52.835215683108245,442.5533235716569
681,l4,4438,67.8121272153279,480.96821542639555
682,l5,4439,109.41465924927141,526.4967721592651
683,l4,4445,67.8121272153279,445.20618144328824
684,l5,4446,95.68582367807005,545.2066124049059
685,l4,4449,47.01086119835615,470.42524542757764
686,l4,4456,30.369848384778756,478.6740071548376
687,l4,4463,36.19420286953085,428.0156651708695
688,l4,4464,46.17881055767729,448.2669992214655
689,l5,4465,85.28519066958418,531.0397360801192
690,l5,4466,69.0602031763462,540.3930995873328
691,l5,4470,41.602532033943504,553.17433095446
692,l4,4478,95.68582367807005,453.48428839853085
693,l5,4484,109.41465924927141,494.16611625988065
694,l4,4495,63.23584869159412,434.8586646074617
695,l4,4496,47.01086119835615,480.81557848146474
696,l5,4497,42.01855735428293,553.3897215020354
697,l4,4502,74.8845576610983,441.42382608385975
698,l5,4511,80.29288682551096,561.5598745229671
699,l5,4513,54.083291644126554,483.09607020773905
700,l4,4520,45.346759916998415,426.64724931009965
701,l4,4521,37.858304150888586,462.91950952739325
702,l5,4522,100.67812752214327,487.7566719399387
703,l5,4523,75.30058298143774,511.79040521445626
704,l4,4529,55.74739292548429,427.7305802827764
705,l4,4542,85.70121598992361,470.8712415656314
706,l5,4543,106.50248200689536,553.1451671636252
707,l4,4568,56.579443566163164,440.80482602347803
708,l5,4569,68.64417785600678,497.77402095444137
709,l5,4570,90.2774945136574,558.0847569422128
710,l4,4585,77.38070958313492,463.0542031190714
711,l5,4586,98.18197560010667,523.8340474944181
712,l4,4592,57.41149420684203,449.82839591169613
713,l5,4593,75.71660830177717,502.14349447412036
714,l4,4611,42.43458267462237,468.74780885875253
715,l4,4620,46.594835878016724,422.67560142262715
716,l4,4625,43.26663331530124,452.067851354553
717,l4,4635,5.408329164412655,411.7533728828043
718,l4,4636,95.68582367807005,450.97990353663033
719,l5,4637,61.571747410236384,503.35658820452903
720,l5,4638,86.94929195094191,548.1662948117596
721,l5,4639,69.47622849668565,556.335743062164
722,l5,4646,54.083291644126554,528.5892848484739
723,l4,4649,34.114076267833674,441.3560182600157
724,l5,4650,42.01855735428293,524.7053413582001
725,l5,4656,68.64417785600678,508.13768891440054
726,l5,4657,0.416025320339435,555.9519562172841
727,l5,4664,80.29288682551096,537.9454206478194
728,l4,4668,55.74739292548429,426.84302040169086
729,l4,4675,63.23584869159412,452.9033022911066
730,l4,4676,86.94929195094191,460.6806880571353
731,l4,4681,61.98777273057582,433.5578926628836
732,l5,4687,73.22045637974057,511.5204774609603
733,l4,4701,106.91850732723479,409.9868325238269
734,l4,4702,79.46083618483209,419.91940505338096
735,l5,4703,87.36531727128136,531.5568358212387
736,l4,4728,33.69805094749424,438.33792517837827
737,l4,4729,102.75825412384044,477.491085875083
738,l4,4734,59.90764612887864,441.3679680318103
739,l4,4741,70.72430445770395,413.80527617271053
740,l5,4745,116.07106437470237,492.7967963334586
741,l4,4751,40.77048139326463,450.0824461630237
742,l4,4752,99.43005156112497,457.79209182048436
743,l4,4757,56.579443566163164,436.0355927950025
744,l4,4761,83.62108938822644,464.6641085778333
745,l5,4762,68.22815253566735,530.0526409374806
746,l4,4771,59.49162080853921,427.9403634915399
747,l4,4772,64.89994997295186,446.14380119131397
748,l5,4781,99.43005156112497,500.2459383779078
749,l4,4789,67.39610189498848,439.93504732283066
750,l5,4803,125.22362142216994,517.8834835223828
751,l4,4808,66.5640512543096,410.40892894096396
752,l4,4816,79.46083618483209,404.3728952846351
753,l5,4817,42.43458267462237,527.5046649522264
754,l5,4821,91.10954515433627,510.11227765865164
755,l4,4828,58.2435448475209,476.91691273735415
756,l4,4833,50.75508908141107,411.37078098260713
757,l4,4834,72.3884057390617,424.88632725023086
758,l4,4835,34.94612690851254,464.92617645658737
759,l4,4836,66.14802593397016,482.9227331260568
760,l4,4844,63.23584869159412,413.20372429049473
761,l5,4845,67.39610189498848,504.4589224343582
762,l4,4862,56.16341824582373,453.33896223629773
763,l5,4863,39.106380111906894,527.5510338458714
764,l4,4869,66.98007657464903,417.6737795586226
765,l4,4876,54.49931696446599,430.05679393305314
766,l4,4877,51.17111440175051,440.25645579975736
767,l4,4892,105.67043136621649,474.4283948861706
768,l5,4893,98.5980009204461,516.2038020502395
769,l5,4894,42.850607994961806,532.4160523664254
770,l4,4899,56.16341824582373,389.67305382714045
771,l4,4900,60.73969676955751,418.2680488758569
772,l4,4901,108.58260860859254,442.4190988094377
773,l5,4902,52.41919036276881,486.7642954411383
774,l5,4910,55.74739292548429,492.1952323302773
775,l4,4915,61.98777273057582,410.12078961652037
776,l5,4933,60.73969676955751,500.7265451665793
777,l4,4937,82.78903874754756,381.50819154263695
778,l4,4938,41.18650671360407,481.3296502199611
779,l4,4946,68.22815253566735,388.4463591845423
780,l4,4947,49.50701312039276,436.6188449732683
781,l4,4951,89.44544387297853,454.8397141830493
782,l4,4958,39.52240543224632,411.5171173764787
783,l4,4959,58.2435448475209,416.57055252181124
784,l4,4960,36.19420286953085,423.0563605058911
785,l4,4965,64.48392465261243,449.6249324624863
786,l4,4983,41.18650671360407,383.728495701219
787,l4,4984,98.5980009204461,424.90748596422765
788,l4,4988,83.62108938822644,471.11729184339356
789,l4,4994,29.537797744099887,398.8954868919262
790,l5,5003,78.21276022381379,485.4410598329636
791,l5,5004,83.62108938822644,503.5042575448423
792,l4,5008,76.54865894245604,430.62034866086793
793,l4,5009,96.51787431874892,454.5309800708902
794,l4,5016,90.2774945136574,400.0734306646593
795,l4,5017,50.75508908141107,480.83045955123197
796,l5,5018,46.594835878016724,498.0910571475967
797,l4,5023,46.594835878016724,426.7772589792063
798,l5,5028,75.30058298143774,513.9507677128202
799,l4,5039,69.47622849668565,404.64505941500784
800,l4,5043,48.25893715937446,436.6042426359269
801,l4,5054,85.70121598992361,386.8189020485836
802,l4,5062,75.30058298143774,412.7820884265337
803,l4,5063,64.48392465261243,416.69533381427686
804,l23,5084,66.98007657464903,368.97376175868584
805,l5,5085,74.46853234075887,500.6976912695986
806,l4,5090,67.8121272153279,417.9175763789211
807,l4,5091,66.98007657464903,436.032217976762
808,l4,5092,57.827519527181465,446.4549689269615
809,l5,5093,68.64417785600678,503.09459800596215
810,l4,5100,67.8121272153279,379.3681515318869
811,l4,5101,57.827519527181465,481.28274405891875
812,l4,5106,49.50701312039276,405.89774871722506
813,l5,5115,69.0602031763462,495.51433415815944
814,l5,5120,37.44227883054915,510.68080008417473
815,l23,5129,51.587139722089944,370.39069766336917
816,l4,5130,51.587139722089944,385.1900081365977
817,l4,5131,66.98007657464903,452.6962468288001
818,l4,5137,61.15572208989695,456.4599801609929
819,l4,5138,44.098683955980114,472.81882953147874
820,l4,5153,81.12493746618983,396.0593290946399
821,l4,5157,42.43458267462237,379.09811330830144
822,l4,5161,77.79673490347434,441.62341879790426
823,l4,5162,111.91081117130801,455.3581866043224
824,l4,5163,56.579443566163164,460.8239343064852
825,l4,5179,78.21276022381379,415.41215636111707
826,l4,5180,69.89225381702508,424.9658114127683
827,l5,5181,116.90311501538123,493.4819047277428
828,l5,5182,87.78134259162078,502.8328641441173
829,l4,5188,100.67812752214327,384.43515116670784
830,l4,5199,84.03711470856587,477.51034950646056
831,l4,5202,71.14032977804338,429.398309967849
832,l4,5208,84.86916534924474,468.9300717023428
833,l23,5216,53.66726632378712,365.48199164643995
834,l23,5217,63.65187401193356,375.9403623354462
835,l4,5218,74.46853234075887,461.8395939804226
836,l4,5219,79.87686150517152,483.4850628738172
837,l5,5220,91.94159579501513,494.2193968680213
838,l4,5230,70.30827913736452,471.9750217456267
839,l4,5239,64.89994997295186,385.32760524778905
840,l4,5240,64.48392465261243,430.12672189915
841,l4,5248,60.323671449218075,412.3876705023001
842,l4,5249,36.610228189870284,457.44072384841854
843,l4,5266,106.50248200689536,395.22852789902976
844,l4,5267,56.9954688865026,417.0313839117863
845,l4,5268,41.18650671360407,422.67553897654483
846,l4,5275,68.64417785600678,389.4941609650993
847,l23,5282,64.06789933227299,364.73248342493326
848,l4,5290,53.25124100344768,460.560134766522
849,l5,5291,64.06789933227299,493.4288642537705
850,l23,5300,61.15572208989695,360.25698872981593
851,l4,5306,54.49931696446599,405.1906913475843
852,l4,5307,82.78903874754756,443.6528538267912
853,l23,5319,91.5255704746757,348.0327636152034
854,l4,5320,79.46083618483209,470.2459429656192
855,l4,5321,98.18197560010667,477.5295602707233
856,l4,5329,58.65957016786034,427.2240913641212
857,l4,5336,50.339063761071635,481.2272278848704
858,l4,5342,91.94159579501513,452.23539903920306
859,l5,5343,83.62108938822644,484.4597460596561
860,l5,5344,2.9121772423760452,492.2458828522144
861,l23,5350,62.40379805091525,362.37232085553256
862,l4,5357,66.98007657464903,409.889798340611
863,l4,5358,71.55635509838282,420.48444372349036
864,l4,5364,74.46853234075887,427.907590302907
865,l4,5365,65.73200061363073,430.89011554912696
866,l4,5373,63.23584869159412,375.45212417528137
867,l4,5374,65.3159752932913,437.54087011326743
868,l4,5382,68.22815253566735,385.203773556006
869,l23,5397,75.71660830177717,349.75807530917643
870,l4,5403,67.8121272153279,393.27629980796365
871,l4,5408,112.32683649164746,459.60187376752026
872,l4,5409,68.22815253566735,473.9733117861047
873,l23,5419,76.96468426279547,342.4518248878489
874,l23,5424,74.8845576610983,345.2961165060333
875,l4,5431,94.43774771705175,438.3019680951606
876,l4,5438,58.65957016786034,387.25623388087087
877,l23,5446,57.827519527181465,355.73131848973065
878,l5,5447,3.32820256271548,481.9582910588317
879,l23,5452,50.75508908141107,374.6107537029189
880,l4,5453,81.54096278652926,389.0570295203591
881,l4,5454,87.78134259162078,462.1778135825022
882,l23,5466,58.2435448475209,347.50370214828206
883,l4,5484,79.46083618483209,392.8199740536647
884,l4,5485,80.29288682551096,418.88562582838085
885,l4,5495,69.0602031763462,405.65715796343505
886,l23,5501,71.55635509838282,339.413560732383
887,l23,5502,54.91534228480542,345.61595027189105
888,l23,5516,48.6749624797139,336.70327112541156
889,l23,5517,69.0602031763462,340.76690392716904
890,l23,5518,47.01086119835615,350.18895941116455
891,l23,5519,96.1018489984095,358.4595197612177
892,l4,5520,80.29288682551096,467.62322132616316
893,l23,5527,63.23584869159412,352.7025867660299
894,l4,5528,73.22045637974057,458.388728870633
895,l4,5538,71.14032977804338,446.2709063450022
896,l4,5541,96.93389963908835,439.523185129068
897,l4,5542,78.21276022381379,452.1699545962465
898,l23,5553,64.06789933227299,325.8673891368913
899,l4,5564,66.14802593397016,377.50056510246526
900,l4,5565,45.76278523733785,416.75468715040375
901,l4,5566,102.34222880350102,465.90554995535075
902,l4,5573,76.54865894245604,418.18595189440794
903,l4,5592,10.81665832882531,469.0879214014925
904,l23,5595,60.323671449218075,337.90864479406076
905,l4,5601,66.98007657464903,424.08147246028636
906,l4,5602,71.55635509838282,445.1968525812812
907,l23,5612,37.44227883054915,338.99547829790566
908,l23,5613,67.8121272153279,346.0229058094085
909,l4,5614,66.5640512543096,397.97764953636715
910,l4,5615,46.594835878016724,428.4069447151589
911,l4,5616,59.90764612887864,448.36851739982177
912,l23,5623,77.79673490347434,341.04642668260266
913,l23,5629,3.744227883054915,315.0913707617394
914,l4,5637,77.79673490347434,392.8765026166519
915,l4,5650,79.04481086449265,385.96072244036844
916,l4,5651,48.6749624797139,460.24678678718
917,l23,5660,83.62108938822644,356.81108806065384
918,l23,5665,53.66726632378712,361.9795834115844
919,l4,5671,50.339063761071635,400.1557964794442
920,l4,5672,71.97238041872225,455.3746775452587
921,l23,5678,66.14802593397016,316.0949587939504
922,l4,5679,92.773646435694,433.82023238692665
923,l4,5690,44.93073459665898,441.39559411016023
924,l23,5693,116.07106437470237,339.71700420902175
925,l23,5694,69.47622849668565,368.19858893493085
926,l23,5703,92.773646435694,360.8980936673035
927,l4,5715,120.64734289843615,443.8332451707067
928,l4,5722,64.89994997295186,405.2973477566256
929,l23,5727,49.9230384407322,306.8219295741862
930,l4,5728,60.323671449218075,397.8194462401077
931,l4,5737,45.346759916998415,435.56927857149134
932,l4,5738,76.96468426279547,439.6454965820561
933,l23,5752,79.46083618483209,350.6192101017719
934,l4,5753,83.62108938822644,398.1314168906037
935,l23,5760,64.89994997295186,307.5062393024406
936,l23,5761,77.79673490347434,364.46433659931427
937,l23,5772,81.95698810686869,312.6446225201513
938,l23,5773,44.93073459665898,326.20965863555637
939,l23,5774,59.49162080853921,371.26147143392575
940,l4,5787,56.16341824582373,405.6878719800943
941,l23,5791,113.15888713232633,340.2512990643234
942,l23,5792,99.01402624078553,350.28575712229355
943,l23,5799,83.62108938822644,316.2361412083506
944,l23,5811,86.94929195094191,354.4105240435831
945,l23,5812,72.80443105940113,376.58237515433893
946,l4,5813,58.65957016786034,404.9363531640361
947,l23,5830,76.54865894245604,327.26222309025263
948,l23,5831,77.38070958313492,370.0211918660542
949,l4,5842,80.29288682551096,431.47516193489236
950,l4,5853,73.22045637974057,396.0265656907746
951,l23,5859,61.571747410236384,309.70301852733485
952,l23,5860,81.12493746618983,379.03688062775143
953,l23,5869,111.49478585096858,320.51456620912467
954,l4,5870,61.98777273057582,391.13960359744465
955,l4,5871,75.30058298143774,412.1048555726874
956,l4,5872,71.97238041872225,438.38245501495555
957,l23,5887,71.97238041872225,301.3897289229108
958,l23,5896,77.38070958313492,323.3062651089421
959,l4,5897,69.89225381702508,419.899563588987
960,l4,5902,61.98777273057582,396.8134135473693
961,l23,5908,51.587139722089944,329.11077194080764
962,l4,5909,61.571747410236384,415.5491838243161
963,l23,5919,29.95382306443932,381.75867058304647
964,l4,5920,68.22815253566735,421.06085831490293
965,l4,5921,96.51787431874892,423.69880941968535
966,l4,5922,58.65957016786034,431.77268121624695
967,l23,5928,58.65957016786034,339.98951361780075
968,l23,5943,54.083291644126554,308.77980155112806
969,l23,5944,67.39610189498848,370.81785319068354
970,l4,5951,85.70121598992361,401.18013055982436
971,l4,5952,91.94159579501513,424.610203558476
972,l4,5955,50.339063761071635,386.92979006991743
973,l23,5966,65.3159752932913,365.81249037567244
974,l23,5967,48.6749624797139,375.6711362660874
975,l4,5968,82.78903874754756,394.9049349542108
976,l4,5969,58.65957016786034,406.80033221838244
977,l23,5980,59.90764612887864,360.8310456648245
978,l4,5981,99.43005156112497,411.395618282545
979,l23,5994,96.1018489984095,323.97044398059137
980,l23,5995,60.323671449218075,331.6548943571048
981,l4,5996,79.04481086449265,386.277355010239
982,l23,6004,77.79673490347434,292.5096496546684
983,l23,6005,81.95698810686869,318.7024480616481
984,l4,6006,86.94929195094191,422.03053087757905
985,l23,6025,5.408329164412655,279.88228772681566
986,l23,6026,96.93389963908835,304.3109149707837
987,l23,6027,54.083291644126554,379.79952292587825
988,l23,6041,36.19420286953085,346.04296914422804
989,l23,6051,56.579443566163164,323.7478111156337
990,l23,6057,52.41919036276881,290.3654308660411
991,l4,6058,74.8845576610983,391.184127015548
992,l23,6068,33.2820256271548,330.4856236481997
993,l23,6069,66.5640512543096,373.319954546557
994,l4,6070,6.65640512543096,423.9931799925628
995,l23,6075,71.97238041872225,282.0962273168015
996,l23,6076,72.3884057390617,295.99575447543066
997,l4,6082,86.53326663060248,409.5249670630456
998,l4,6092,91.5255704746757,411.8826693489249
999,l23,6102,75.71660830177717,377.51998562074715
1000,l23,6107,57.41149420684203,283.5380214563711
1001,l23,6108,123.14349482047277,330.33385341630003
1002,l4,6117,59.90764612887864,401.19112227677044
1003,l23,6122,81.54096278652926,341.8534321998737
1004,l23,6123,58.65957016786034,382.4986046739795
1005,l4,6130,70.30827913736452,391.0926575845308
1006,l4,6131,87.36531727128136,401.6633277708635
1007,l4,6132,74.8845576610983,414.84160609148626
1008,l23,6139,73.22045637974057,347.30428040209654
1009,l23,6146,22.46536729832949,268.7692327127794
1010,l23,6147,72.80443105940113,283.97599055838253
1011,l23,6152,57.41149420684203,354.75202126145615
1012,l23,6163,71.14032977804338,275.6083853414795
1013,l23,6164,60.323671449218075,307.55032510937014
1014,l4,6165,58.65957016786034,390.3314241800959
1015,l23,6172,29.537797744099887,291.17590065583425
1016,l23,6173,54.49931696446599,295.8553341939736
1017,l4,6174,109.83068456961084,406.0571632758903
1018,l23,6180,71.55635509838282,314.5842432680783
1019,l23,6187,69.0602031763462,310.23310047620953
1020,l23,6201,54.91534228480542,355.7590874802894
1021,l4,6205,37.858304150888586,393.10572937696423
1022,l23,6212,48.25893715937446,283.43340750075447
1023,l23,6213,64.48392465261243,284.79161788592415
1024,l23,6214,68.22815253566735,296.2321289347085
1025,l23,6215,55.74739292548429,346.7774528712285
1026,l23,6225,60.73969676955751,313.71378401179965
1027,l23,6230,66.98007657464903,338.267566912557
1028,l23,6235,63.65187401193356,363.3522430898243
1029,l23,6236,71.97238041872225,368.2419829162063
1030,l23,6237,65.73200061363073,387.3784820326591
1031,l23,6245,69.0602031763462,262.52364974013915
1032,l23,6246,43.68265863564068,379.8544076586322
1033,l23,6249,64.48392465261243,271.78806304944766
1034,l23,6273,32.03394966613649,317.87491426632226
1035,l23,6288,74.05250702041943,295.3333288967371
1036,l23,6292,12.48075961018305,254.57326317275073
1037,l4,6293,21.63331665765062,402.6645320658309
1038,l23,6312,71.55635509838282,311.4420210078077
1039,l23,6323,76.1326336221166,336.442175248257
1040,l23,6346,66.98007657464903,262.2979212588449
1041,l23,6347,61.98777273057582,371.3703480756475
1042,l23,6355,65.3159752932913,297.5152138888199
1043,l23,6356,116.90311501538123,315.71471759551605
1044,l23,6362,63.23584869159412,269.5702861185671
1045,l23,6363,81.54096278652926,279.513740688906
1046,l23,6369,56.9954688865026,381.26361355310775
1047,l23,6375,44.51470927631954,270.6110628740519
1048,l23,6376,111.49478585096858,337.04330901135165
1049,l23,6377,65.3159752932913,364.697753435501
1050,l4,6384,3.744227883054915,393.6077712103963
1051,l23,6395,40.77048139326463,287.9805183732498
1052,l23,6403,75.71660830177717,323.04284752402947
1053,l23,6404,81.95698810686869,380.5222575984554
1054,l23,6415,75.71660830177717,271.50867926311025
1055,l23,6416,56.16341824582373,281.3981405838786
1056,l23,6417,44.51470927631954,350.15001707666164
1057,l23,6437,81.12493746618983,251.57284593074783
1058,l23,6438,49.9230384407322,322.8752375092547
1059,l23,6439,65.3159752932913,344.4740670268259
1060,l23,6440,84.03711470856587,379.8738639507887
1061,l23,6444,56.579443566163164,281.07735973265625
1062,l23,6445,94.85377303739118,326.6673898219507
1063,l23,6454,81.95698810686869,247.51708896313977
1064,l23,6459,53.25124100344768,358.3467753578681
1065,l23,6460,81.12493746618983,361.4793228297836
1066,l23,6470,72.3884057390617,255.46874425443235
1067,l23,6471,63.65187401193356,299.13962691336815
1068,l23,6472,76.1326336221166,309.9194401771325
1069,l23,6480,113.15888713232633,366.15380160727955
1070,l23,6494,65.3159752932913,257.4222872508034
1071,l23,6504,47.842911839035025,236.15847357543282
1072,l23,6505,56.9954688865026,334.5178264175495
1073,l23,6516,77.38070958313492,289.32692088433083
1074,l23,6517,57.41149420684203,351.8218346715249
1075,l23,6523,87.36531727128136,246.24026186482482
1076,l23,6528,16.6410128135774,377.4592291829657
1077,l23,6538,61.98777273057582,309.96589520792594
1078,l23,6542,93.18967175603345,337.97243553296823
1079,l23,6554,32.03394966613649,240.0012854916007
1080,l23,6555,84.45314002890531,267.56004485953105
1081,l23,6556,69.47622849668565,322.71128261528025
1082,l23,6562,88.19736791196023,254.69056355032814
1083,l23,6563,66.14802593397016,273.58917388050065
1084,l23,6575,46.17881055767729,326.9495462020182
1085,l23,6587,50.339063761071635,249.5427898410153
1086,l23,6588,75.71660830177717,257.52172945688966
1087,l23,6600,61.98777273057582,278.018308955935
1088,l23,6601,48.6749624797139,366.41217805485786
1089,l23,6611,28.705747103421015,223.63665963007682
1090,l23,6612,67.39610189498848,227.0553320752939
1091,l23,6613,73.63648170008,309.17041280038774
1092,l23,6614,68.22815253566735,368.05184346389376
1093,l23,6622,43.68265863564068,354.27726322275225
1094,l23,6631,78.62878554415322,288.59929348403625
1095,l23,6638,84.03711470856587,338.6290380674944
1096,l23,6640,72.3884057390617,228.32293383002911
1097,l23,6648,68.64417785600678,284.15954472153635
1098,l23,6649,88.19736791196023,355.8011844172323
1099,l23,6654,73.22045637974057,235.99967646610415
1100,l23,6655,113.15888713232633,358.18331981141444
1101,l23,6666,3.744227883054915,217.96287977597282
1102,l23,6667,61.15572208989695,314.06993910553126
1103,l23,6668,69.0602031763462,347.4067547434569
1104,l23,6671,46.17881055767729,277.03012510048575
1105,l23,6677,73.63648170008,293.462846939818
1106,l23,6683,85.28519066958418,227.40769383200097
1107,l23,6684,76.1326336221166,320.39749168310226
1108,l23,6692,82.78903874754756,264.3346274645638
1109,l23,6698,84.03711470856587,232.27200515450545
1110,l23,6699,51.587139722089944,236.88234622271048
1111,l23,6711,30.369848384778756,254.88958860422048
1112,l23,6726,44.51470927631954,305.6889106490175
1113,l23,6727,83.20506406788701,349.3635094641179
1114,l23,6734,89.02941855263909,213.4423326689244
1115,l23,6735,86.94929195094191,333.16196606227413
1116,l23,6742,36.19420286953085,209.24164418634334
1117,l23,6743,54.91534228480542,242.39954355593898
1118,l23,6744,58.65957016786034,279.6831377376625
1119,l23,6745,58.2435448475209,323.73185125065817
1120,l23,6746,48.6749624797139,344.3861824872403
1121,l23,6757,71.14032977804338,284.7561199120842
1122,l23,6758,74.8845576610983,308.22896186333435
1123,l23,6759,73.22045637974057,351.55372466376406
1124,l23,6764,74.46853234075887,313.0324563156295
1125,l23,6769,100.26210220180384,233.9033609395651
1126,l23,6770,74.05250702041943,253.65183366780676
1127,l23,6771,81.54096278652926,338.28280978818
1128,l23,6781,90.69351983399683,298.7537122429196
1129,l23,6782,65.73200061363073,333.707252368089
1130,l23,6794,55.331367605144855,263.35665307998045
1131,l23,6804,104.00633008485875,217.73744809999033
1132,l23,6811,58.2435448475209,208.9438586926413
1133,l23,6816,47.842911839035025,339.83381402301154
1134,l23,6817,1.66410128135774,347.2896532645793
1135,l23,6825,62.40379805091525,225.52084890464127
1136,l23,6829,53.25124100344768,212.89055246963537
1137,l23,6830,62.40379805091525,265.38132705089225
1138,l23,6831,61.98777273057582,319.13909005408357
1139,l23,6839,59.90764612887864,221.78692143944653
1140,l23,6840,86.53326663060248,303.92433534798454
1141,l23,6847,52.41919036276881,232.106613331941
1142,l23,6848,48.6749624797139,313.03958385093017
1143,l23,6854,67.39610189498848,279.9566489162713
1144,l23,6855,115.65503905436293,284.21742307139584
1145,l23,6867,33.69805094749424,247.98265806343144
1146,l23,6868,57.827519527181465,255.44073671566076
1147,l23,6877,57.827519527181465,203.65668549989596
1148,l23,6878,73.63648170008,266.21072960004176
1149,l23,6879,74.46853234075887,329.5798969216974
1150,l23,6898,70.72430445770395,273.94720405380247
1151,l23,6905,67.8121272153279,196.53082083990287
1152,l23,6906,97.3499249594278,207.21838276768824
1153,l23,6907,56.9954688865026,227.25037601157973
1154,l23,6908,76.1326336221166,294.6907894546388
1155,l23,6914,76.54865894245604,231.9192430446406
1156,l23,6919,46.17881055767729,202.34054288229385
1157,l23,6920,59.49162080853921,204.1153017685995
1158,l23,6921,57.827519527181465,312.877389225428
1159,l23,6926,82.37301342720814,304.1187614024311
1160,l23,6927,82.37301342720814,316.2513401299027
1161,l23,6937,3.32820256271548,190.61431003533153
1162,l23,6946,37.02625351020971,335.76017777725866
1163,l23,6965,56.9954688865026,209.31077645811595
1164,l23,6970,90.2774945136574,247.56249294657076
1165,l23,6971,65.3159752932913,269.68948950745283
1166,l23,6981,62.40379805091525,261.312361276178
1167,l23,6982,94.85377303739118,272.5963327384652
1168,l23,6983,131.46400122726146,325.8012128059348
1169,l23,6993,50.75508908141107,204.32196650592087
1170,l23,6994,72.3884057390617,303.2805851316207
1171,l23,6997,59.49162080853921,226.83980633526207
1172,l23,6998,61.571747410236384,253.43473578658208
1173,l23,7003,63.23584869159412,198.4361650710018
1174,l23,7004,84.03711470856587,316.9645261193318
1175,l23,7013,69.0602031763462,189.36103000395423
1176,l23,7014,70.30827913736452,207.69167305293652
1177,l23,7015,63.23584869159412,213.87740264009085
1178,l23,7021,48.6749624797139,198.91518600881673
1179,l23,7022,54.91534228480542,221.1002210801303
1180,l23,7023,68.22815253566735,228.8836633003564
1181,l23,7030,75.71660830177717,190.84901985958552
1182,l23,7031,45.346759916998415,247.492897853052
1183,l23,7032,71.55635509838282,289.23222490894267
1184,l23,7033,51.17111440175051,311.47383809879244
1185,l23,7039,40.77048139326463,215.37650608676356
1186,l23,7040,67.8121272153279,232.2272998231528
1187,l23,7044,54.91534228480542,201.4287374835104
1188,l23,7045,66.98007657464903,293.3142489084006
1189,l23,7049,91.5255704746757,316.87123943109646
1190,l23,7053,64.48392465261243,235.62256386683316
1191,l23,7054,71.14032977804338,253.0501434763093
1192,l23,7055,61.15572208989695,303.74492715345986
1193,l23,7060,71.14032977804338,184.1539589407194
1194,l23,7070,16.224987493237965,173.4431453762529
1195,l23,7071,69.0602031763462,276.1036629765902
1196,l23,7079,56.579443566163164,239.08465689474522
1197,l23,7084,49.9230384407322,217.81677170277806
1198,l23,7091,61.571747410236384,188.95938247221756
1199,l23,7092,98.5980009204461,254.7336376217952
1200,l23,7093,110.24670988995028,274.57884168184654
1201,l23,7094,49.50701312039276,304.2516407196317
1202,l23,7099,72.80443105940113,200.63212365924306
1203,l23,7108,42.43458267462237,192.4787297666943
1204,l23,7127,65.73200061363073,204.85456286054563
1205,l23,7128,61.571747410236384,281.6394394902498
1206,l23,7134,76.96468426279547,180.09347959161622
1207,l23,7135,34.94612690851254,209.1774217835296
1208,l23,7136,41.602532033943504,238.92041062463693
1209,l23,7137,44.93073459665898,243.6645145698694
1210,l23,7141,51.17111440175051,193.26827577267895
1211,l23,7142,67.39610189498848,227.7593871969088
1212,l23,7143,64.89994997295186,293.5635782446615
1213,l23,7147,69.0602031763462,257.7318896134889
1214,l23,7148,69.47622849668565,301.141979579085
1215,l23,7149,91.94159579501513,308.7437623798218
1216,l23,7153,55.331367605144855,246.03823182771276
1217,l23,7154,59.90764612887864,273.5990944324915
1218,l23,7155,73.63648170008,287.493703893095
1219,l23,7160,59.90764612887864,184.49080670032185
1220,l23,7161,60.323671449218075,215.2142186045024
1221,l23,7162,43.68265863564068,232.67683352758613
1222,l23,7171,84.86916534924474,169.94892445219048
1223,l23,7172,68.22815253566735,261.50891244450605
1224,l23,7178,56.16341824582373,301.0218891493424
1225,l23,7198,88.61339323229966,289.6292352325649
1226,l23,7203,36.19420286953085,203.7289220861959
1227,l23,7220,52.00316504242937,250.03854916968186
1228,l23,7221,72.3884057390617,285.9368012553563
1229,l23,7233,50.339063761071635,177.27605202170773
1230,l23,7234,69.0602031763462,187.6747167657455
1231,l23,7235,58.2435448475209,222.2476333177157
1232,l23,7238,54.49931696446599,207.32773941015046
1233,l23,7241,55.331367605144855,196.75034293572625
1234,l23,7242,28.289721783081582,235.78687560194828
1235,l23,7243,77.79673490347434,267.05908369609574
1236,l23,7254,77.79673490347434,225.7234455248476
1237,l23,7255,32.44997498647593,263.03352283146404
1238,l23,7264,53.66726632378712,241.77041966616707
1239,l23,7265,123.5595201408122,294.1829115594493
1240,l23,7273,49.090987800053334,165.63855772238267
1241,l23,7278,78.62878554415322,189.5324623501426
1242,l23,7279,76.1326336221166,209.18677724758743
1243,l23,7280,91.10954515433627,253.90176079815384
1244,l23,7286,56.9954688865026,169.12265075122906
1245,l23,7287,81.12493746618983,180.4192494315604
1246,l23,7288,52.835215683108245,277.2919209918676
1247,l23,7293,53.66726632378712,199.67585574181555
1248,l23,7294,55.74739292548429,214.11994121401472
1249,l23,7295,31.61792434579706,274.81476032719553
1250,l23,7298,66.14802593397016,268.4572643798824
1251,l1,7302,32.44997498647593,154.59650669290474
1252,l23,7303,79.04481086449265,278.80146686478327
1253,l23,7313,70.30827913736452,201.00830081124485
1254,l23,7314,34.5301015881731,247.49178088205835
1255,l23,7315,31.61792434579706,283.9599495063556
1256,l23,7320,59.49162080853921,229.3905070951426
1257,l23,7336,62.819823371254685,235.00741510857617
1258,l23,7344,99.01402624078553,238.278354761951
1259,l1,7345,45.76278523733785,147.79022254487768
1260,l23,7349,39.93843075258576,169.31578239825032
1261,l23,7360,47.842911839035025,163.29453626815993
1262,l23,7361,80.70891214585039,217.26129651206796
1263,l23,7367,94.85377303739118,258.0454458164529
1264,l1,7374,58.2435448475209,152.65606583603025
1265,l1,7375,45.76278523733785,156.93772421270583
1266,l23,7376,96.93389963908835,266.3773929470648
1267,l23,7377,81.95698810686869,277.40463971180066
1268,l23,7381,35.362152228851976,170.89322362553224
1269,l23,7385,98.18197560010667,241.6139022202937
1270,l23,7389,52.00316504242937,181.29303006295817
1271,l23,7390,52.835215683108245,204.29509401778583
1272,l23,7394,51.17111440175051,170.31149080052617
1273,l23,7395,61.98777273057582,252.43979935501514
1274,l23,7402,50.339063761071635,174.42250100269547
1275,l23,7408,96.93389963908835,185.40528965270244
1276,l23,7413,42.850607994961806,271.1336156983589
1277,l23,7421,58.2435448475209,222.6979079372303
1278,l23,7427,43.26663331530124,192.16280887574533
1279,l23,7428,91.10954515433627,203.98015646745097
1280,l23,7435,60.73969676955751,213.00655291732275
1281,l1,7449,38.69035479156746,149.66662721361425
1282,l23,7450,37.02625351020971,214.09655753594186
1283,l1,7454,46.17881055767729,127.68057475534478
1284,l23,7455,45.346759916998415,194.39754906318734
1285,l23,7456,57.41149420684203,246.68864253465827
1286,l23,7457,63.65187401193356,262.07658936655713
1287,l23,7458,38.27432947122802,272.0612061182877
1288,l23,7461,37.02625351020971,169.36629852577724
1289,l23,7462,55.74739292548429,255.3361845962178
1290,l23,7468,48.6749624797139,262.7309080375342
1291,l23,7474,108.58260860859254,232.70933605366722
1292,l23,7475,55.74739292548429,238.76537902917775
1293,l23,7476,31.201899025457625,271.6937808097495
1294,l23,7485,45.346759916998415,176.50548749196267
1295,l1,7491,39.52240543224632,131.07439522858851
1296,l23,7492,64.48392465261243,205.0145521202489
1297,l1,7496,55.74739292548429,155.61357186348033
1298,l23,7497,67.39610189498848,167.51486956884557
1299,l23,7509,34.5301015881731,262.393960093169
1300,l23,7519,39.93843075258576,212.94006421321987
1301,l23,7520,67.8121272153279,216.9583968736086
1302,l23,7521,54.91534228480542,254.94804766056532
1303,l1,7525,52.41919036276881,135.62336218254143
1304,l1,7526,52.00316504242937,158.95813907494892
1305,l23,7531,48.6749624797139,179.51380407552764
1306,l23,7532,61.15572208989695,251.75137332304706
1307,l23,7539,85.70121598992361,182.49844051115278
1308,l23,7546,41.18650671360407,197.16431120142857
1309,l23,7547,66.5640512543096,235.92086343705523
1310,l23,7548,42.43458267462237,248.74867378074651
1311,l23,7549,55.74739292548429,256.5717144811051
1312,l1,7554,37.858304150888586,136.59890907270488
1313,l1,7557,80.70891214585039,128.89794308523219
1314,l23,7558,65.3159752932913,188.15336034865936
1315,l23,7559,74.8845576610983,206.69239624703138
1316,l1,7578,64.89994997295186,148.99971596371196
1317,l1,7582,59.49162080853921,163.45992567139132
1318,l23,7583,59.49162080853921,195.49080054596402
1319,l23,7584,61.98777273057582,255.944724261932
1320,l23,7591,86.94929195094191,186.85516909597777
1321,l23,7592,65.73200061363073,257.6627201342187
1322,l1,7603,49.090987800053334,157.82553116050354
1323,l1,7608,16.6410128135774,112.21743330044987
1324,l23,7612,75.30058298143774,188.6277902601417
1325,l23,7613,69.89225381702508,245.18409712902204
1326,l23,7620,59.075595488199774,169.76835320374877
1327,l23,7621,76.96468426279547,222.00430985651894
1328,l1,7625,49.50701312039276,132.76268205697755
1329,l23,7626,77.79673490347434,248.3159794451187
1330,l23,7637,74.05250702041943,209.60041857172428
1331,l1,7648,60.323671449218075,147.00950275382033
1332,l23,7649,55.74739292548429,194.8728108802261
1333,l23,7650,3.32820256271548,253.11327380610294
1334,l23,7655,57.827519527181465,198.43949343358247
1335,l23,7656,76.96468426279547,229.3306340561924
1336,l1,7659,6.65640512543096,102.49189411884578
1337,l1,7660,54.91534228480542,133.21974789469354
1338,l1,7661,34.94612690851254,142.25956956127624
1339,l1,7662,32.866000306815366,158.64741796813325
1340,l23,7663,68.64417785600678,211.1424657077826
1341,l23,7664,61.15572208989695,233.2781076781276
1342,l23,7680,56.9954688865026,188.28023483628957
1343,l23,7681,54.91534228480542,202.7878382971732
1344,l1,7687,39.52240543224632,112.49105958590353
1345,l23,7694,86.11724131026305,215.24600900886506
1346,l1,7699,45.76278523733785,134.2089228994235
1347,l1,7702,52.00316504242937,103.01055707169768
1348,l23,7703,67.39610189498848,222.86798287573248
1349,l1,7708,49.090987800053334,115.35635734264109
1350,l23,7709,103.59030476451932,238.26367009752002
1351,l1,7718,49.50701312039276,139.13771261565276
1352,l23,7723,63.23584869159412,176.70273894207097
1353,l1,7728,61.98777273057582,121.6119571458739
1354,l1,7740,47.42688651869559,115.63389493953899
1355,l23,7741,99.01402624078553,206.69358398945744
1356,l23,7744,42.850607994961806,213.49736237763221
1357,l1,7749,45.346759916998415,97.32086901916077
1358,l1,7750,50.339063761071635,105.51136623946948
1359,l23,7751,78.62878554415322,185.1738105245575
1360,l1,7757,53.25124100344768,169.9952682999751
1361,l23,7758,15.80896217289853,239.62311123252465
1362,l1,7764,41.602532033943504,150.23430309309563
1363,l23,7772,72.3884057390617,190.18040403228525
1364,l23,7773,54.91534228480542,220.32082694817237
1365,l1,7788,56.579443566163164,117.2367520135225
1366,l1,7789,45.346759916998415,129.81222796774097
1367,l23,7796,81.54096278652926,181.96618210384565
1368,l1,7801,54.083291644126554,104.37156255240119
1369,l1,7806,41.18650671360407,135.29312826399004
1370,l23,7807,64.48392465261243,220.53209398748882
1371,l1,7827,45.346759916998415,109.62693216748477
1372,l23,7828,53.25124100344768,188.15085866449505
1373,l23,7832,97.3499249594278,204.80829674441352
1374,l1,7841,45.76278523733785,86.41860524710333
1375,l1,7842,57.41149420684203,114.68660743540585
1376,l1,7843,54.49931696446599,166.55751931930232
1377,l23,7844,63.65187401193356,212.68946096397815
1378,l1,7851,59.49162080853921,146.8044511356006
1379,l23,7855,56.579443566163164,220.10339549081107
1380,l1,7862,59.075595488199774,125.24934419031294
1381,l1,7864,51.587139722089944,158.18881800085006
1382,l1,7865,38.27432947122802,170.76439554453546
1383,l23,7874,76.96468426279547,201.6184193535193
1384,l1,7879,34.94612690851254,101.52818082399901
1385,l1,7887,27.041645822063277,79.65723624806733
1386,l23,7888,59.90764612887864,214.74638205390363
1387,l23,7895,27.45767114240271,174.27863931503043
1388,l23,7896,113.15888713232633,186.25187873351737
1389,l23,7897,63.65187401193356,191.03426164305804
1390,l23,7914,39.52240543224632,208.71810288310704
1391,l1,7921,54.91534228480542,147.3859531627313
1392,l23,7922,48.6749624797139,203.0379302292874
1393,l1,7937,52.835215683108245,73.12615845743291
1394,l23,7938,56.579443566163164,205.4414621830169
1395,l23,7946,57.41149420684203,209.13803010462775
1396,l1,7952,26.62562050172384,162.15979613088376
1397,l1,7953,56.16341824582373,169.2350902744981
1398,l1,7958,49.50701312039276,78.8830549816124
1399,l23,7959,41.602532033943504,213.519820021255
1400,l23,7964,57.827519527181465,206.08658111167554
1401,l1,7968,36.610228189870284,155.8845676076587
1402,l1,7983,49.9230384407322,149.0859606163644
1403,l1,8011,50.75508908141107,141.04418862372094
1404,l1,8012,72.3884057390617,142.1468531274902
1405,l23,8013,74.05250702041943,197.25933481622462
1406,l23,8016,78.62878554415322,203.45064167927424
1407,l1,8019,46.594835878016724,77.49716071515363
1408,l1,8020,38.27432947122802,91.42792960756232
1409,l1,8021,38.69035479156746,146.66867744330284
1410,l1,8022,51.17111440175051,70.05844503996819
1411,l1,8025,76.1326336221166,97.7668371289099
1412,l1,8027,36.610228189870284,125.76858553842895
1413,l1,8028,75.71660830177717,172.47262131180037
1414,l1,8033,4.5762785237337855,55.02873629869414
1415,l1,8034,55.331367605144855,133.20717960599438
1416,l23,8035,40.354456072925196,191.1926208845316
1417,l1,8039,40.354456072925196,141.64236246317427
1418,l1,8040,57.41149420684203,167.8806523184267
1419,l1,8045,37.44227883054915,113.05639333276375
1420,l23,8047,50.75508908141107,178.04219580943746
1421,l1,8052,54.49931696446599,59.02386485400471
1422,l1,8053,54.49931696446599,128.04515224821674
1423,l23,8059,44.51470927631954,179.70194229694067
1424,l1,8063,32.866000306815366,141.68064531734814
1425,l1,8077,48.6749624797139,74.13376004365256
1426,l23,8078,57.41149420684203,178.6613932931281
1427,l1,8084,39.106380111906894,160.09496030233305
1428,l1,8091,47.42688651869559,116.44923676077212
1429,l1,8095,37.44227883054915,77.87707243648633
1430,l23,8096,74.05250702041943,177.92860922824937
1431,l1,8107,28.289721783081582,83.58171244582756
1432,l23,8108,73.63648170008,187.65018455990597
1433,l1,8118,37.44227883054915,64.064857062961
1434,l1,8119,34.114076267833674,78.98057678820687
1435,l1,8120,49.50701312039276,146.43410285838667
1436,l23,8121,21.217291337311185,179.93290082729882
1437,l1,8124,74.8845576610983,89.96943560467732
1438,l1,8125,64.48392465261243,129.97680098767324
1439,l1,8130,54.49931696446599,114.47792410175616
1440,l1,8139,46.17881055767729,66.29951406827267
1441,l1,8157,75.30058298143774,115.16210915674607
1442,l1,8172,38.27432947122802,140.5675434281149
1443,l1,8173,42.43458267462237,151.11963771361692
1444,l1,8174,50.339063761071635,169.00682411813406
1445,l1,8183,91.94159579501513,37.6855979233636
1446,l1,8184,44.51470927631954,159.46299970179274
1447,l23,8189,12.064734289843615,182.18967384798253
1448,l1,8197,31.61792434579706,83.4170049672125
1449,l1,8198,37.858304150888586,94.94255655724987
1450,l1,8199,79.04481086449265,104.45070751466416
1451,l23,8211,95.26979835773062,175.20280776360482
1452,l1,8216,27.873696462742146,78.53426434096527
1453,l1,8217,56.579443566163164,125.07797129841452
1454,l1,8219,105.67043136621649,44.48695890167885
1455,l1,8225,74.8845576610983,164.72492075636998
1456,l1,8226,42.01855735428293,82.234014660124
1457,l1,8227,58.2435448475209,137.55895245664178
1458,l1,8233,66.14802593397016,45.96575837346982
1459,l1,8234,60.73969676955751,146.64395746720118
1460,l1,8247,65.3159752932913,50.651486237844225
1461,l1,8251,60.73969676955751,54.36349430824243
1462,l1,8252,63.65187401193356,152.0385937484733
1463,l1,8263,129.79989994590372,37.50910847545949
1464,l1,8275,69.47622849668565,150.73897904901293
1465,l1,8280,35.77817754919141,46.20454225574073
1466,l1,8285,88.19736791196023,137.0094898459587
1467,l1,8293,26.209595181384405,133.89160831044944
1468,l1,8298,60.73969676955751,107.71130571900511
1469,l1,8299,39.52240543224632,118.66186839843057
1470,l1,8304,38.27432947122802,99.03956516476924
1471,l1,8312,54.91534228480542,160.33632442338472
1472,l1,8319,58.2435448475209,118.56574387947954
1473,l1,8320,23.297417939008362,163.9482196348747
1474,l1,8325,66.98007657464903,49.9445921518972
1475,l1,8337,61.15572208989695,38.49692904333833
1476,l1,8346,112.32683649164746,40.244046613985226
1477,l1,8357,71.14032977804338,87.81734419524622
1478,l1,8362,100.26210220180384,48.47891036158214
1479,l1,8363,65.73200061363073,118.40343007543305
1480,l1,8366,74.46853234075887,120.88916505124787
1481,l1,8369,31.201899025457625,97.45394951514258
1482,l1,8373,25.377544540705536,65.41210163276189
1483,l1,8374,76.54865894245604,136.82516922790273
1484,l1,8379,86.11724131026305,54.1625292985783
1485,l1,8380,39.52240543224632,113.01083266105171
1486,l1,8390,51.587139722089944,125.40646883951406
1487,l1,8400,70.72430445770395,38.45582376739396
1488,l1,8401,53.25124100344768,150.70844070001573
1489,l1,8406,45.76278523733785,144.86415011168728
1490,l1,8427,28.705747103421015,78.37785045928459
1491,l1,8428,81.95698810686869,137.50877085693674
1492,l1,8442,61.571747410236384,74.84058047089961
1493,l1,8447,33.2820256271548,133.61072028347047
1494,l1,8458,63.65187401193356,47.35436384564897
1495,l1,8461,36.610228189870284,77.22964484753237
1496,l1,8462,76.96468426279547,119.03325086592807
1497,l1,8463,72.80443105940113,127.73291549089458
1498,l1,8469,66.5640512543096,39.399256179058604
1499,l1,8470,58.2435448475209,98.04636121352209
1500,l1,8502,70.72430445770395,82.68430808166018
1501,l1,8508,89.44544387297853,58.74786773976194
1502,l1,8509,59.49162080853921,125.2114077636188
1503,l1,8519,42.850607994961806,110.68368780738442
1504,l1,8540,66.14802593397016,89.99068063330338
1505,l1,8544,92.773646435694,50.58552351212991
1506,l1,8562,49.50701312039276,60.25133641294986
1507,l1,8563,61.571747410236384,116.13877167384443
1508,l1,8571,71.55635509838282,109.17128017560343
1509,l1,8580,67.8121272153279,90.69020473605511
1510,l1,8587,79.04481086449265,60.487866956190246
1511,l1,8588,61.571747410236384,121.36540387946462
1512,l1,8589,29.537797744099887,124.57316662600695
1513,l1,8608,117.31914033572068,33.059573549987256
1514,l1,8620,47.42688651869559,98.01934367155742
1515,l1,8621,59.90764612887864,108.33035624894515
1516,l1,8638,47.01086119835615,59.32802188401589
1517,l1,8641,96.1018489984095,99.19542281532637
1518,l1,8649,59.49162080853921,51.36128482860744
1519,l1,8656,41.18650671360407,38.3016912647467
1520,l1,8662,54.49931696446599,45.05129605194806
1521,l1,8667,70.72430445770395,85.77669532322085
1522,l1,8668,56.16341824582373,100.75191172753406
1523,l1,8677,42.01855735428293,70.85215676387382
1524,l1,8687,21.63331665765062,66.25496913689452
1525,l1,8693,78.62878554415322,56.64847722572816
1526,l1,8717,51.17111440175051,81.88397588071093
1527,l1,8718,79.04481086449265,89.1187426641657
1528,l1,8722,102.75825412384044,59.715475258550065
1529,l1,8737,79.87686150517152,98.08250867187802
1530,l1,8763,70.72430445770395,86.28822790056277
1531,l1,8779,64.06789933227299,58.741142592327755
1532,l1,8784,75.30058298143774,33.618314146852555
1533,l1,8785,69.89225381702508,70.50561192092455
1534,l1,8786,61.98777273057582,83.31997592520875
1535,l1,8799,54.49931696446599,59.82735487764214
1536,l1,8828,95.26979835773062,39.02473320940029
1537,l1,8829,38.27432947122802,74.92482631482865
1538,l1,8839,48.25893715937446,55.977161804850404
1539,l1,8853,38.27432947122802,75.08237674601945
1540,l1,8902,91.10954515433627,58.800371972073386
1541,l1,8903,74.8845576610983,73.15698526469997
1542,l1,8913,121.47939353911502,34.344348658610166
1543,l1,8925,71.55635509838282,50.40128302470012
1544,l1,8926,66.14802593397016,58.642112918305315
1545,l1,8927,87.78134259162078,62.63973363052812
1546,l1,8952,77.38070958313492,38.101797108296545
1547,l1,8964,117.31914033572068,40.4495292429798
1548,l1,8993,53.66726632378712,55.71668975201015
1549,l1,9001,61.98777273057582,31.431264890800787
1550,l1,9002,109.41465924927141,57.87555661922213
1551,l1,9017,60.323671449218075,46.799721185125904
1552,l1,9026,93.60569707637288,36.06998685489772
1553,l1,9058,72.3884057390617,33.78635049199267
1554,l1,9115,81.95698810686869,36.549951835741616
1555,l1,9134,106.50248200689536,29.988806053374077
1556,l1,9154,69.89225381702508,32.43028452815378
