label,area,perim,circ,intensity,layer
1,67,29.142135623730947,0.9913840255116859,199.73134328358208,l23
2,47,23.31370849898476,1.0866382742315588,105.74468085106383,l23
3,65,28.727922061357855,0.9897255752422209,141.58461538461538,l23
4,65,27.899494936611667,1.0493745759992157,112.55384615384615,l23
5,29,20.485281374238568,0.8684083582848208,98.62068965517241,l23
6,35,19.65685424949238,1.138282013394669,72.4,l23
7,126,39.55634918610404,1.0119242536624842,181.97619047619048,l23
8,93,33.55634918610404,1.0378710607752675,130.65591397849462,l23
9,23,17.071067811865476,0.9917822353928708,147.7391304347826,l23
10,39,21.899494936611667,1.021894997668909,81.94871794871794,l23
11,43,23.071067811865476,1.0151797079276972,137.27906976744185,l23
12,140,43.79898987322333,0.9170852543182518,181.06428571428572,l4
13,34,21.31370849898476,0.9405258522783919,84.6470588235294,l23
14,65,27.31370849898476,1.0948682965444396,223.0,l23
15,88,32.72792206135786,1.03241824695147,105.04545454545455,l23
16,63,28.14213562373095,0.9996231611452789,96.28571428571429,l4
17,27,17.656854249492383,1.0882958272169039,71.29629629629629,l23
18,40,27.071067811865476,0.6858972819379379,137.425,l4
19,69,28.727922061357855,1.0506317644878962,133.5072463768116,l4
20,20,17.414213562373096,0.8287663842830911,113.55,empty
21,27,17.071067811865472,1.1642661024177183,61.22222222222222,empty
22,16,13.65685424949238,1.0780241689052945,157.0625,l4
23,40,23.899494936611667,0.8800197297186075,125.525,empty
24,57,26.14213562373095,1.0480996907936422,126.6842105263158,l4
25,70,29.556349186104047,1.0069463371808778,65.84285714285714,l4
26,40,21.899494936611667,1.0480974335065731,98.925,l4
27,87,33.55634918610404,0.9709116374994438,149.67816091954023,l4
28,70,29.31370849898476,1.0236850818730105,113.78571428571429,l4
29,130,42.62741699796952,0.8990320646778746,141.46153846153845,l4
30,146,43.21320343559643,0.9824937480221231,134.8972602739726,l4
31,39,22.970562748477143,0.9288192359576241,114.84615384615384,l4
32,72,30.142135623730947,0.995850902412415,126.875,l4
33,20,14.48528137423857,1.197804632116994,59.65,l4
34,90,34.14213562373095,0.970221752014765,185.1888888888889,l4
35,49,25.65685424949238,0.9354038000953199,141.59183673469389,l4
36,89,33.55634918610404,0.9932314452580517,100.82022471910112,l4
37,22,15.65685424949238,1.1277777637249438,119.77272727272727,l4
38,92,34.14213562373095,0.9917822353928708,146.6304347826087,l4
39,83,31.798989873223327,1.031481178039946,138.15662650602408,l4
40,83,32.384776310850235,0.9945031273093146,145.48192771084337,l4
41,52,25.556349186104043,1.000496516347783,122.42307692307692,l4
42,128,43.21320343559642,0.8613643818276151,146.96875,l4
43,160,45.798989873223334,0.9585572311415079,164.0125,l4
44,68,30.14213562373095,0.9405258522783918,92.6029411764706,l4
45,15,11.621320343559642,1.3956938910021734,102.26666666666667,empty
46,111,38.970562748477136,0.9184583956508783,172.3783783783784,l4
47,63,27.556349186104047,1.0425743950631587,120.0952380952381,l4
48,58,29.349242404917497,0.8461435867485767,75.82758620689656,empty
49,33,20.727922061357855,0.9651887914802673,66.66666666666667,l4
50,87,32.14213562373095,1.0582289981091215,114.93103448275862,l4
51,62,26.72792206135785,1.0906142328468393,88.03225806451613,l4
52,38,22.485281374238568,0.9444887895305527,157.71052631578948,l4
53,197,53.45584412271571,0.8663346930275292,165.03045685279187,l4
54,34,19.071067811865476,1.1747318946999283,59.588235294117645,empty
55,101,34.97056274847714,1.0378294628594553,65.2871287128713,l4
56,79,30.727922061357855,1.0514062881915835,101.35443037974683,empty
57,91,33.55634918610404,1.0155512530166595,97.53846153846153,l4
58,41,22.65685424949238,1.0036782177307282,162.21951219512195,l4
59,78,30.97056274847714,1.0218949976689091,156.0,l4
60,179,50.04163056034262,0.8982557177256508,96.77653631284916,l4
61,66,27.31370849898476,1.111712424183585,64.48484848484848,l4
62,50,23.31370849898476,1.1559981640761263,57.02,l4
63,161,45.798989873223334,0.9645482138361423,185.9751552795031,l4
64,118,38.97056274847714,0.976379195376609,149.71186440677965,l4
65,147,43.21320343559643,0.9892231572551514,133.91156462585033,l4
66,121,40.62741699796952,0.9212061123408366,141.50413223140495,l5
67,20,13.65685424949238,1.347530211131618,74.7,l4
68,73,29.31370849898476,1.0675572996675682,163.05479452054794,l5
69,132,41.79898987322333,0.9494065464848278,121.33333333333333,l5
70,81,32.72792206135785,0.9502940682166944,137.96296296296296,empty
71,97,34.97056274847714,0.9967273059145263,90.01030927835052,l4
72,61,26.72792206135785,1.0730236807041484,79.75409836065573,empty
73,69,29.899494936611664,0.9699095828004404,155.33333333333334,l4
74,22,15.65685424949238,1.1277777637249438,100.77272727272727,l5
75,23,19.106601717798213,0.791718509914327,91.04347826086956,empty
76,23,20.071067811865476,0.7174584311950493,115.21739130434783,l4
77,77,30.727922061357855,1.0247884074778726,82.15584415584415,l4
78,40,21.31370849898476,1.1065010026804611,60.8,l5
79,107,36.384776310850235,1.0156737379809402,99.27102803738318,l5
80,64,27.31370849898476,1.0780241689052945,101.015625,l4
81,66,28.727922061357855,1.0049521225536397,130.92424242424244,l4
82,108,36.72792206135785,1.0060994305352318,138.02777777777777,empty
83,90,32.14213562373095,1.0947196532163326,114.97777777777777,l4
84,43,24.14213562373095,0.9271007852585531,76.18604651162791,l4
85,70,28.72792206135785,1.0658583117993152,210.02857142857144,l4
86,43,22.485281374238568,1.068763630258257,57.06976744186046,l4
87,106,36.970562748477136,0.9745488352993519,124.97169811320755,l5
88,89,32.72792206135785,1.04415027248501,117.8314606741573,l4
89,146,42.62741699796952,1.0096821649459207,113.62328767123287,l5
90,27,17.31370849898476,1.1318618593521357,95.44444444444444,l4
91,116,37.798989873223334,1.020252024276075,117.03448275862068,l4
92,40,21.071067811865472,1.132131217421039,88.625,l4
93,152,42.97056274847714,1.034454443266035,89.53289473684211,l5
94,92,34.14213562373095,0.9917822353928708,105.3695652173913,empty
95,17,13.656854249492381,1.1454006794618752,127.52941176470588,l5
96,220,56.79898987322333,0.8569417863205954,185.48636363636365,l5
97,118,39.55634918610404,0.9476750946997867,94.3135593220339,l4
98,36,21.071067811865472,1.018918095678935,99.33333333333333,empty
99,112,36.384776310850235,1.0631351276062178,133.625,l4
100,131,42.62741699796952,0.9059476959446275,158.78625954198472,l5
101,67,29.556349186104047,0.9637914941588401,92.08955223880596,l5
102,127,39.79898987322333,1.0075566782972256,105.55118110236221,l5
103,36,22.485281374238568,0.894778853239471,71.05555555555556,empty
104,331,66.8700576850888,0.9301959881648253,187.49546827794563,l5
105,143,44.97056274847714,0.8885651112030856,146.75524475524475,l5
106,177,48.62741699796952,0.9406341197640863,118.42937853107344,l5
107,124,40.62741699796952,0.9440459333079647,130.34677419354838,l5
108,33,19.071067811865476,1.1401809566205188,65.06060606060606,l5
109,183,48.62741699796952,0.9725200221289705,149.1584699453552,l5
110,188,50.72792206135786,0.9180652888047839,127.38829787234043,l5
111,80,31.556349186104047,1.0095465403626347,53.0375,l5
112,189,49.798989873223334,0.9577024557127254,74.82010582010582,l5
113,192,49.45584412271571,0.9864517666782943,143.30729166666666,empty
114,108,41.248737341529164,0.7976498751748781,83.18518518518519,l5
115,107,39.21320343559643,0.8744379486543448,75.92523364485982,l5
116,112,37.21320343559643,1.016327723377443,98.33035714285714,empty
117,69,29.556349186104047,0.9925613895068652,52.27536231884058,l4
118,25,20.86396103067893,0.721699404462419,47.4,l4
119,147,44.04163056034261,0.9523584064739208,134.41496598639455,l4
120,101,40.17766952966369,0.7862519820433749,93.99009900990099,l5
121,338,69.35533905932738,0.8830123258140018,176.65680473372782,l5
122,155,50.8700576850888,0.7526916565329048,94.0516129032258,l5
123,254,57.45584412271571,0.9668857542750928,160.8031496062992,l5
124,19,13.65685424949238,1.2801537005750372,163.78947368421052,l4
125,245,56.2842712474619,0.9718558511134656,94.46530612244898,l5
126,109,37.31370849898476,0.983783497284647,124.98165137614679,l5
127,214,53.4558441227157,0.9410945396339662,136.97196261682242,l5
128,205,51.45584412271571,0.9729584873181903,167.9170731707317,l5
129,86,32.14213562373095,1.0460654464067178,121.81395348837209,l5
130,56,26.72792206135785,0.9850709199906935,67.625,l5
131,108,36.72792206135785,1.0060994305352318,133.78703703703704,l5
132,145,43.55634918610404,0.960450362035488,134.2551724137931,l5
133,62,28.14213562373095,0.9837561268413856,60.53225806451613,l5
134,129,39.798989873223334,1.0234237126011188,146.6046511627907,l5
135,198,50.970562748477136,0.9577147965596747,84.38383838383838,empty
136,312,63.94112549695428,0.9589675356563996,79.99038461538461,l5
137,311,63.698484809834994,0.9631901866556477,111.59485530546624,l5
138,131,40.14213562373095,1.0215984183320812,111.5114503816794,l5
139,109,38.384776310850235,0.9296475600977614,77.9908256880734,l5
140,180,48.8700576850888,0.9471018082904714,121.21666666666667,l4
141,120,41.55634918610404,0.8732052463263472,166.78333333333333,l5
142,46,23.72792206135785,1.0267111568959635,98.56521739130434,l5
143,52,24.72792206135785,1.0686560805681524,87.09615384615384,l4
144,103,41.3492424049175,0.7570280558415096,148.64077669902912,l5
145,124,38.97056274847714,1.0260255951415214,113.4758064516129,l5
146,69,30.142135623730947,0.9543571148118978,74.02898550724638,l4
147,110,37.55634918610404,0.9800219717320859,83.73636363636363,l5
148,253,58.8700576850888,0.9173635126925586,132.96442687747034,l5
149,158,46.384776310850235,0.9228179166895828,142.79746835443038,l5
150,19,13.899494936611665,1.235849043114212,64.73684210526316,empty
151,104,35.798989873223334,1.0197686539897803,68.36538461538461,l5
152,189,49.45584412271571,0.971038457823946,72.86772486772487,l5
153,121,38.970562748477136,1.0012023952590656,175.1404958677686,l5
154,33,17.899494936611667,1.294321753140875,54.21212121212121,l5
155,102,37.798989873223334,0.8971181592772383,83.40196078431373,l4
156,76,30.142135623730947,1.0511759525464381,47.73684210526316,l4
157,76,31.556349186104043,0.9590692133445031,94.42105263157895,empty
158,203,52.8700576850888,0.912612332830273,97.10344827586206,l5
159,114,36.970562748477136,1.0480996907936426,121.7719298245614,l5
160,216,55.112698372208094,0.8936351957684218,110.31018518518519,l5
161,197,51.21320343559643,0.9438700501081909,148.23350253807106,l5
162,212,52.8700576850888,0.9530729781281669,121.23113207547169,l5
163,227,53.4558441227157,0.9982638340977117,113.3215859030837,l5
164,337,70.90559159102155,0.8423232632676874,150.22848664688428,l5
165,80,36.935028842544405,0.7369244500780706,126.9125,l5
166,62,27.556349186104043,1.0260255951415216,59.24193548387097,l5
167,163,45.798989873223334,0.9765301792254112,70.11656441717791,l5
168,221,54.2842712474619,0.9424408751449784,113.25339366515837,l5
169,288,61.4558441227157,0.9582437056935953,141.67361111111111,l5
170,79,30.727922061357855,1.0514062881915835,39.51898734177215,l4
171,185,48.62741699796952,0.9831486562505986,150.7135135135135,l5
172,43,21.899494936611664,1.1267047410195665,76.81395348837209,l5
173,63,27.31370849898476,1.0611800412661492,81.63492063492063,l5
174,172,46.62741699796952,0.9941584211054686,133.75,empty
175,240,55.698484809834994,0.9721523798426677,117.15,l5
176,154,44.2842712474619,0.9868055432593258,70.67532467532467,l5
177,125,40.62741699796952,0.951659206963674,72.544,empty
178,278,60.284271247461895,0.9612727460786507,133.01438848920864,l5
179,109,35.79898987322333,1.0687959931239048,51.24770642201835,l5
180,81,31.31370849898476,1.038068168883187,105.03703703703704,l5
181,208,53.62741699796952,0.9088651276454096,110.76442307692308,l5
182,97,34.384776310850235,1.030977509797925,53.0,l5
183,216,52.62741699796952,0.9800303046853915,139.57407407407408,l5
184,157,45.21320343559642,0.965114763449069,107.40127388535032,l5
185,52,25.31370849898476,1.0197686539897808,39.65384615384615,l5
186,253,58.526911934581186,0.9281521291545118,142.89328063241106,l5
187,198,50.62741699796952,0.9707413148556567,123.01010101010101,l5
188,79,30.14213562373095,1.0926697401469552,100.48101265822785,l5
189,91,32.72792206135785,1.0676143235520887,127.53846153846153,l5
190,55,29.10660171779821,0.8158109816356212,56.96363636363636,l5
191,139,42.97056274847714,0.94598136588144,116.7410071942446,l5
192,79,29.899494936611667,1.1104761890034025,60.822784810126585,l5
193,203,50.8700576850888,0.9857832662979333,145.30541871921181,l5
194,73,30.52081528017131,0.9847828194760075,58.863013698630134,l5
195,207,51.4558441227157,0.982450765243246,130.04347826086956,l5
196,212,54.04163056034261,0.9121974135969423,60.27358490566038,l5
197,153,44.38477631085023,0.9759627091272788,103.86274509803921,empty
198,101,35.55634918610404,1.00391492906771,76.06930693069307,l5
199,185,49.798989873223334,0.9374336206711862,157.10270270270271,l5
200,331,68.87005768508881,0.8769543048038788,124.59214501510574,l5
201,73,30.142135623730947,1.009682164945921,130.58904109589042,l5
202,61,26.72792206135785,1.0730236807041484,32.90163934426229,l5
203,231,54.8700576850888,0.964164218962457,94.28138528138528,l5
204,105,37.21320343559643,0.9528072406663528,112.52380952380952,l5
205,20,17.071067811865476,0.8624193351242355,72.45,l5
206,17,14.242640687119284,1.0531197300295014,87.41176470588235,empty
207,177,46.04163056034262,1.0492566706531175,207.25988700564972,empty
208,253,57.94112549695428,0.9470142872674984,156.1501976284585,l5
209,316,64.76955262170048,0.9465752657522387,108.2753164556962,l5
210,220,65.5269119345812,0.6438625150257914,111.06818181818181,l5
211,187,48.384776310850235,1.0037695001605778,129.32620320855614,l5
212,122,40.14213562373095,0.9514122674543045,119.17213114754098,l5
213,297,63.94112549695428,0.9128633272113804,149.55218855218854,l5
214,135,42.04163056034262,0.9598083623897886,132.6074074074074,l5
215,297,62.526911934581186,0.9546240086316476,141.26262626262627,l5
216,192,51.62741699796952,0.9052119913761723,200.40104166666666,l5
217,171,48.384776310850235,0.9178854787564641,142.66081871345028,l5
218,130,39.798989873223334,1.0313572297530653,79.77692307692308,l5
219,214,52.62741699796952,0.9709559500123787,164.86915887850466,l5
220,108,36.384776310850235,1.0251660159059957,118.41666666666667,l5
221,24,19.485281374238568,0.7943423962385974,83.16666666666667,l5
222,148,42.970562748477136,1.0072319579169293,114.56756756756756,l5
223,86,32.89949493661167,0.9984581207764245,117.8953488372093,empty
224,172,47.21320343559642,0.9696419001265583,150.01162790697674,empty
225,79,30.72792206135785,1.0514062881915838,53.31645569620253,l5
226,73,28.727922061357855,1.1115379537335712,82.52054794520548,l5
227,99,34.384776310850235,1.0522347780411814,82.0,l5
228,260,59.698484809834994,0.916761982002725,120.01923076923077,l5
229,131,40.72792206135785,0.9924226184572199,88.0,l5
230,83,31.31370849898476,1.0636994816951175,67.20481927710843,l5
231,241,55.698484809834994,0.9762030147586789,110.63485477178423,l5
232,263,57.4558441227157,1.0011454857257853,199.6958174904943,l5
233,108,40.04163056034261,0.8464671544870771,112.24074074074075,l5
234,258,59.112698372208094,0.9278291249738088,106.86046511627907,l5
235,149,44.38477631085023,0.9504473441827747,103.12080536912751,l5
236,100,36.384776310850235,0.9492277925055517,116.24,l5
237,150,43.79898987322333,0.9825913439124128,133.32,l5
238,173,47.21320343559643,0.9752793530342705,102.82658959537572,l5
239,151,43.21320343559643,1.0161407941872642,171.41059602649005,l5
240,77,30.727922061357855,1.0247884074778726,67.84415584415585,l5
241,231,54.62741699796952,0.9727483711606368,167.2987012987013,l5
242,307,65.94112549695427,0.8872285909284271,129.2801302931596,l5
243,122,38.62741699796952,1.0274917859878587,103.93442622950819,l5
244,119,38.97056274847714,0.9846535953374277,84.3529411764706,empty
245,155,45.45584412271571,0.9426752569362864,140.6516129032258,l5
246,62,28.14213562373095,0.9837561268413856,96.51612903225806,l5
247,213,56.04163056034262,0.8522518287771392,65.21596244131456,l5
248,50,25.31370849898476,0.9805467826824815,66.74,l5
249,135,41.21320343559643,0.9987824137617729,126.7925925925926,empty
250,230,54.8700576850888,0.9599903478846974,99.33478260869565,l5
251,201,50.62741699796952,0.9854495165958939,168.91542288557213,l5
252,159,44.97056274847714,0.987984983785249,104.35220125786164,l5
253,244,57.4558441227157,0.9288193859965461,160.47540983606558,l5
254,150,47.21320343559643,0.845617936156882,119.69333333333333,l5
255,170,47.79898987322333,0.9350209628260208,125.54705882352941,l5
256,65,29.899494936611664,0.9136829403192553,89.44615384615385,empty
257,102,34.97056274847714,1.0481050020956875,58.411764705882355,empty
258,121,39.21320343559643,0.9888503905343525,48.82644628099174,l5
259,125,41.21320343559643,0.9247985312609008,106.04,l5
260,100,35.55634918610404,0.9939751772947624,88.72,l5
261,195,53.59188309203678,0.8531913438174927,161.1076923076923,l5
262,101,35.31370849898476,1.0177581347121052,144.93069306930693,empty
263,257,57.698484809834994,0.9700947858532716,101.39299610894942,l5
264,195,50.04163056034261,0.9785467316005694,176.5794871794872,l5
265,267,63.11269837220809,0.8423403946150735,87.59550561797752,l5
266,92,33.31370849898476,1.041721742784976,88.02173913043478,l5
267,133,40.970562748477136,0.9956751004472514,51.67669172932331,l5
268,157,45.79898987322333,0.9405842830576048,61.56687898089172,l5
269,263,58.284271247461895,0.972888054886468,139.3041825095057,l5
270,136,43.55634918610404,0.9008362016332854,126.1470588235294,l5
271,177,49.45584412271572,0.9093852224065523,116.42937853107344,empty
272,123,39.55634918610404,0.9878308190514726,58.951219512195124,l5
273,75,30.142135623730947,1.0373446900129324,92.58666666666667,l5
274,54,31.97056274847714,0.6639006016082766,126.46296296296296,l5
275,95,36.384776310850235,0.9017664028802741,89.6,empty
276,54,25.14213562373095,1.073493191478343,45.25925925925926,l5
277,204,54.62741699796952,0.8590505095964065,178.4950980392157,l5
278,188,48.62741699796952,0.9990916074330408,129.36702127659575,l5
279,204,52.2842712474619,0.9377734075522062,91.20098039215686,l5
280,167,46.384776310850235,0.9753834942225338,82.91017964071857,l5
281,149,46.21320343559643,0.876726197491945,174.75838926174498,l5
282,120,37.798989873223334,1.0554331285614569,69.4,l5
283,50,24.727922061357855,1.0275539236232232,96.4,l5
284,189,51.698484809834994,0.8886199075696785,135.1851851851852,l5
285,227,54.8700576850888,0.9474687346514186,183.20264317180616,l5
286,107,37.55634918610404,0.9532940997757563,79.21495327102804,l5
287,63,34.14213562373095,0.6791552264103355,164.15873015873015,empty
288,188,48.62741699796952,0.9990916074330408,79.28191489361703,l5
289,157,45.45584412271571,0.9548388086386901,103.08917197452229,l5
290,224,55.11269837220809,0.926732795611697,164.5625,l5
291,199,49.798989873223334,1.0083745433165734,90.95477386934674,l5
292,24,17.106601717798213,1.030608256849363,116.29166666666667,l5
293,219,52.2842712474619,1.0067273345781038,99.68036529680366,l5
294,132,42.520815280171306,0.9174462488733658,160.78787878787878,l5
295,62,27.31370849898476,1.044335913627004,88.70967741935483,empty
296,435,76.52691193458118,0.9334063336982419,146.04367816091954,l5
297,58,26.727922061357855,1.020252024276075,85.84482758620689,l5
298,55,25.31370849898476,1.0786014609507297,68.25454545454545,l5
299,199,50.04163056034261,0.9986194850692991,125.28140703517587,l5
300,269,59.698484809834994,0.9484960506105116,119.58736059479554,l5
301,87,32.72792206135786,1.0206862214179306,66.52873563218391,l5
302,224,53.4558441227157,0.9850709199906935,89.54910714285714,l5
303,453,81.18376618407358,0.863713437955719,187.719646799117,l5
304,216,53.21320343559642,0.958572149279631,89.77314814814815,l5
305,252,57.112698372208094,0.9708341524962081,102.72619047619048,l5
306,85,31.556349186104043,1.0726431991352996,53.27058823529412,l5
307,199,50.62741699796952,0.9756440487690691,86.56281407035176,l5
308,266,58.870057685088796,0.964500768285457,93.21052631578948,l5
309,52,30.485281374238568,0.7031254082748152,80.3076923076923,l5
310,229,54.87005768508881,0.9558164768069374,145.89082969432314,l5
311,265,58.87005768508881,0.9608748255475414,193.67924528301887,l5
312,125,39.21320343559643,1.021539659642926,229.016,l5
313,47,23.31370849898476,1.0866382742315588,69.25531914893617,l5
314,185,47.798989873223334,1.0175228124871398,112.6054054054054,l5
315,276,62.52691193458119,0.8871253413546623,150.91666666666666,l5
316,346,68.18376618407356,0.9352419753403731,162.29479768786126,l5
317,147,43.21320343559643,0.9892231572551514,43.095238095238095,l5
318,153,44.62741699796952,0.9653788792217696,63.3921568627451,l5
319,257,58.79898987322333,0.9341212608319457,174.4785992217899,l5
320,70,29.313708498984763,1.0236850818730105,85.42857142857143,l5
321,201,51.941125496954285,0.9362314145258406,135.1592039800995,l5
322,192,48.8700576850888,1.0102419288431694,196.34375,l5
323,269,61.11269837220809,0.9051055418422985,111.26022304832713,l5
324,135,41.79898987322333,0.9709839679958466,39.54074074074074,l5
325,379,71.35533905932738,0.9353973296334498,132.95250659630608,l5
326,146,43.55634918610404,0.9670741576357327,151.5068493150685,l5
327,302,65.01219330881976,0.8978983446876017,166.41721854304635,l5
328,154,46.38477631085023,0.8994554377860494,161.80519480519482,l5
329,248,57.94112549695428,0.9282985898906703,125.31048387096774,l5
330,86,32.970562748477136,0.9941584211054687,54.41860465116279,l5
331,301,63.112698372208094,0.9496047145286033,116.28571428571429,l5
332,76,31.31370849898476,0.9739898868533605,141.06578947368422,l5
333,180,47.45584412271571,1.0043913491373555,137.37777777777777,empty
334,204,56.04163056034262,0.816241188124584,76.50490196078431,l5
335,110,35.55634918610404,1.0933726950242386,119.88181818181818,l5
336,67,28.72792206135785,1.0201786698650588,42.582089552238806,empty
337,31,20.242640687119284,0.9506862774968157,125.41935483870968,empty
338,200,53.112698372208094,0.8909290652109871,92.78,l5
339,94,33.55634918610404,1.0490309646545715,76.37234042553192,l5
340,65,32.10660171779821,0.7923818867831091,73.15384615384616,l5
341,168,46.62741699796952,0.9710384578239462,79.69642857142857,l5
342,102,34.970562748477136,1.048105002095688,117.36274509803921,empty
343,251,56.8700576850888,0.9752506489267625,95.04780876494024,l5
344,79,31.556349186104043,0.996927208608102,77.20253164556962,empty
345,207,52.4558441227157,0.9453496097333655,117.4927536231884,l5
346,252,57.698484809834994,0.9512213464397838,105.0515873015873,l5
347,97,34.384776310850235,1.030977509797925,99.36082474226804,empty
348,193,52.526911934581186,0.8790294681760771,99.83937823834196,l5
349,194,49.21320343559643,1.006580060113119,181.840206185567,empty
350,51,24.727922061357855,1.0481050020956877,61.372549019607845,l5
351,94,34.384776310850235,0.9990916074330408,62.212765957446805,l5
352,101,35.55634918610404,1.00391492906771,47.98019801980198,empty
353,265,58.87005768508881,0.9608748255475414,129.87924528301886,empty
354,188,48.38477631085023,1.009137251498335,68.65957446808511,empty
355,180,51.79898987322333,0.843023706945854,165.17777777777778,l5
356,137,44.2842712474619,0.8778724638086209,77.1970802919708,l5
357,125,39.72792206135785,0.9952408113551939,48.24,l5
358,98,34.97056274847714,1.0070028451507584,119.42857142857143,l5
359,196,51.55634918610404,0.9266198991935897,221.1377551020408,l5
360,257,58.87005768508881,0.9318672836442194,98.80933852140078,l5
361,116,37.97056274847714,1.0110526825881585,87.89655172413794,l5
362,205,51.4558441227157,0.9729584873181905,135.2341463414634,l5
363,301,63.69848480983499,0.9322194411040194,150.17275747508305,l5
364,156,44.87005768508881,0.9736911140859519,99.89102564102564,l5
365,182,48.87005768508881,0.9576251617159207,121.52747252747253,l5
366,253,57.11269837220809,0.9746866689743678,157.86561264822134,l5
367,146,46.21320343559643,0.8590739921733151,182.6095890410959,l5
368,75,31.798989873223327,0.9320613054577823,101.24,l5
369,140,42.384776310850235,0.9793053086529954,113.36428571428571,l5
370,94,34.384776310850235,0.9990916074330408,91.53191489361703,l5
371,194,50.04163056034262,0.9735285432333868,98.08247422680412,l5
372,161,45.45584412271571,0.9791659120434975,105.04347826086956,l5
373,331,66.52691193458118,0.9398166360878244,133.38368580060424,l5
374,168,48.384776310850235,0.9017822247431928,149.57738095238096,l5
375,200,54.52691193458118,0.8453139856479855,132.395,l5
376,110,36.384776310850235,1.0441505717561068,48.10909090909091,l5
377,234,55.4558441227157,0.9561611214257791,95.02564102564102,l5
378,93,33.55634918610404,1.0378710607752675,128.83870967741936,empty
379,232,54.8700576850888,0.9683380900402164,130.36637931034483,l5
380,77,31.72792206135786,0.9612078946745936,49.16883116883117,l5
381,89,32.97056274847714,1.0288383660277522,153.37078651685394,l5
382,125,38.97056274847714,1.03429999510234,65.168,l5
383,230,54.2842712474619,0.9808208202866291,98.17391304347827,l5
384,244,56.526911934581186,0.9595976354795568,122.33196721311475,l5
385,97,34.14213562373095,1.0456834438381355,108.65979381443299,l5
386,199,53.45584412271572,0.8751299690988747,148.356783919598,l5
387,194,49.798989873223334,0.9830384995146493,101.11855670103093,l5
388,202,53.45584412271571,0.888322883205893,104.17326732673267,l5
389,90,32.970562748477136,1.040398347668514,51.8,l5
390,219,56.526911934581186,0.8612782056148481,49.990867579908674,l5
391,280,60.2842712474619,0.9681883773454033,148.025,l5
392,232,55.45584412271571,0.9479888041486355,66.73275862068965,l5
393,282,62.526911934581186,0.9064106748623725,167.21985815602838,l5
394,60,27.31370849898476,1.0106476583487134,83.25,l5
395,112,37.55634918610404,0.9978405530363057,59.535714285714285,l5
396,41,24.692388155425117,0.8450210548825745,87.58536585365853,l5
397,269,58.8700576850888,0.9753785964992026,132.39405204460965,l5
398,353,71.21320343559643,0.8747088581186211,96.62606232294617,l5
399,111,36.970562748477136,1.0205181199832836,108.67567567567568,l5
400,77,30.485281374238568,1.0411664699453993,73.41558441558442,empty
401,186,48.798989873223334,0.9815244978554991,105.54301075268818,l5
402,142,41.21320343559643,1.0505711315123833,50.83802816901409,empty
403,113,39.14213562373095,0.9268282712794083,120.31858407079646,l5
404,211,52.62741699796952,0.9573444180028594,188.12322274881515,l5
405,125,39.55634918610404,1.003893108792147,93.032,l5
406,65,27.31370849898476,1.0948682965444396,36.33846153846154,empty
407,89,32.14213562373095,1.082556101513929,107.30337078651685,l5
408,272,61.11269837220809,0.9151996556918409,147.58455882352942,l5
409,81,30.97056274847714,1.0611986514254057,42.79012345679013,empty
410,194,49.45584412271571,0.9967273059145265,147.91237113402062,empty
411,66,27.899494936611664,1.065518800245358,74.5909090909091,l5
412,82,31.556349186104047,1.0347852038717005,50.109756097560975,empty
413,216,54.62741699796952,0.9095828925138422,97.3425925925926,l5
414,239,55.698484809834994,0.9681017449266566,182.94979079497907,l5
415,159,44.87005768508881,0.9924159432029894,88.22012578616352,empty
416,76,31.556349186104043,0.9590692133445031,83.38157894736842,l5
417,46,22.485281374238568,1.1433285346948796,101.78260869565217,empty
418,131,42.97056274847714,0.8915363951832277,76.66412213740458,l5
419,81,30.72792206135785,1.0780241689052947,91.87654320987654,l5
420,252,57.698484809834994,0.9512213464397838,156.6547619047619,empty
421,248,56.2842712474619,0.9837561268413856,212.07258064516128,l5
422,65,27.31370849898476,1.0948682965444396,57.261538461538464,l5
423,152,43.21320343559643,1.0228702034202926,150.21052631578948,l5
424,73,29.556349186104047,1.0501011802029152,75.63013698630137,l5
425,178,48.04163056034261,0.9691575602280529,71.8314606741573,l5
426,47,22.72792206135785,1.143373860025948,52.91489361702128,l5
427,138,41.21320343559643,1.0209775785120345,83.1231884057971,l5
428,125,38.97056274847714,1.03429999510234,53.296,l5
429,360,73.59797974644665,0.8351809474272854,131.79444444444445,l5
430,134,41.798989873223334,0.9637914941588401,86.77611940298507,empty
431,89,32.970562748477136,1.0288383660277527,47.651685393258425,l5
432,155,44.8700576850888,0.9674495043802731,77.55483870967743,empty
433,147,42.384776310850235,1.0282705740856453,53.83673469387755,l5
434,101,34.970562748477136,1.0378294628594558,63.54455445544554,l5
435,155,44.970562748477136,0.9631300156397085,113.31612903225806,l5
436,209,53.112698372208094,0.9310208731454815,196.21052631578948,l5
437,195,50.2842712474619,0.9691257978623931,104.39487179487179,l5
438,172,45.798989873223334,1.030449023477121,91.70930232558139,l5
439,262,59.698484809834994,0.9238139972488998,148.65648854961833,l5
440,92,34.384776310850235,0.9778343391897846,97.97826086956522,empty
441,211,52.62741699796952,0.9573444180028594,78.98104265402844,l5
442,185,48.04163056034262,1.0072704979898297,89.6054054054054,l5
443,92,38.55634918610404,0.7776888667961466,103.68478260869566,l5
444,228,56.52691193458118,0.8966732003661434,138.71052631578948,l5
445,64,28.899494936611667,0.9629624052766839,124.875,l5
446,128,40.38477631085023,0.9862442184088468,54.7265625,l5
447,90,33.79898987322333,0.9900221959334339,151.54444444444445,l5
448,157,44.384776310850235,1.0014780740717824,139.12738853503186,empty
449,208,52.2842712474619,0.9561611214257789,72.70192307692308,l5
450,86,31.31370849898476,1.1021464509130132,60.19767441860465,empty
451,109,37.798989873223334,0.9586850917766566,142.10091743119267,empty
452,53,24.727922061357855,1.0892071590406167,92.62264150943396,l5
453,59,26.14213562373095,1.0848751185407877,45.67796610169491,empty
454,28,18.86396103067893,0.9887855571437487,169.35714285714286,l5
455,101,35.55634918610404,1.00391492906771,41.91089108910891,l5
456,100,36.14213562373095,0.9620158811036373,125.48,l5
457,143,42.384776310850235,1.0002904224098454,113.03496503496504,l5
458,108,38.04163056034262,0.9378111075363257,129.05555555555554,l5
459,232,55.21320343559643,0.956339201025066,91.44827586206897,l5
460,42,24.52081528017131,0.8777874008091853,179.35714285714286,l5
461,227,54.2842712474619,0.9680275052394122,180.6079295154185,empty
462,202,50.2842712474619,1.0039149290677098,125.54455445544555,empty
463,235,54.8700576850888,0.980859703273495,79.83829787234042,l5
464,225,52.87005768508881,1.0115161324473465,89.20444444444445,l5
465,77,35.935028842544405,0.7493152883731669,143.24675324675326,l5
466,140,42.384776310850235,0.9793053086529954,198.61428571428573,l5
467,110,36.384776310850235,1.0441505717561068,46.75454545454546,l5
468,216,53.698484809834994,0.9413249113751821,157.3148148148148,l5
469,184,49.698484809834994,0.9361412673375468,211.4945652173913,empty
470,256,60.8700576850888,0.8682452232857305,178.13671875,l5
471,99,34.384776310850235,1.0522347780411814,87.33333333333333,l5
472,181,53.45584412271571,0.7959724844567655,82.67403314917127,l5
473,188,50.87005768508881,0.9129421382463617,95.21808510638297,l5
474,57,25.556349186104047,1.0966981044581463,75.6842105263158,l5
475,71,29.556349186104047,1.0213312848548903,110.08450704225352,empty
476,107,36.970562748477136,0.9837426922361382,154.07476635514018,l5
477,176,48.2842712474619,0.948661268636659,117.85795454545455,l5
478,136,42.14213562373095,0.9623115348078828,133.27941176470588,empty
479,44,21.899494936611664,1.1529071768572308,82.47727272727273,l5
480,104,34.72792206135785,1.0836414456873777,55.38461538461539,l5
481,60,26.727922061357855,1.0554331285614569,75.08333333333333,empty
482,157,45.79898987322333,0.9405842830576048,218.84713375796179,empty
483,96,34.384776310850235,1.0203488756762968,84.625,l5
484,95,33.55634918610404,1.0601908685338755,140.32631578947368,l5
485,73,30.727922061357855,0.9715526460504506,111.0,empty
486,102,39.21320343559643,0.8335763622686277,181.5392156862745,empty
487,174,47.21320343559642,0.9809168059419834,149.4022988505747,l5
488,137,42.384776310850235,0.9583201948961455,156.82481751824818,l5
489,359,68.76955262170048,0.953919912416121,122.75487465181058,l5
490,47,23.31370849898476,1.0866382742315588,64.0,l5
491,56,25.31370849898476,1.0982123966043793,54.910714285714285,l5
492,171,46.04163056034261,1.0136886479191138,151.66666666666666,l5
493,65,28.38477631085024,1.013799957123439,63.36923076923077,l5
494,105,36.384776310850235,0.9966891821308292,133.9904761904762,l5
495,71,28.727922061357855,1.0810848591107336,92.71830985915493,l5
496,93,33.55634918610404,1.0378710607752675,55.41935483870968,l5
497,250,56.2842712474619,0.9916896439933321,176.232,l5
498,142,42.72792206135786,0.9774052396352233,116.54225352112677,l5
499,128,40.384776310850235,0.9862442184088464,201.1171875,l5
500,80,32.86396103067893,0.9308078497086976,81.6375,l5
501,87,33.55634918610404,0.9709116374994438,47.08045977011494,empty
502,114,37.79898987322333,1.0026614721333842,124.85964912280701,l5
503,62,30.48528137423857,0.8383418329430485,78.53225806451613,empty
504,156,45.55634918610404,0.9445754114387659,156.98076923076923,empty
505,309,64.5269119345812,0.9325810370028778,169.45631067961165,l5
506,178,46.384776310850235,1.0396303112072516,139.1067415730337,l5
507,159,45.79898987322333,0.9525662484468738,136.14465408805032,l5
508,61,27.14213562373095,1.0405229571736412,50.19672131147541,l5
509,57,26.727922061357855,1.0026614721333842,91.52631578947368,l5
510,132,40.384776310850235,1.0170643502341228,241.15151515151516,l5
511,109,36.970562748477136,1.0021304061097107,76.6697247706422,l5
512,152,43.55634918610404,1.006816931237201,96.91447368421052,empty
513,98,34.14213562373095,1.0564636855271885,104.8265306122449,l5
514,257,59.11269837220809,0.9242328880553059,149.4513618677043,l5
515,83,30.727922061357855,1.1046420496190055,76.46987951807229,l5
516,152,43.798989873223334,0.9956925618312445,194.10526315789474,l5
517,109,36.384776310850235,1.0346582938310511,54.77064220183486,l5
518,112,36.72792206135785,1.0433623724069072,51.9375,l5
519,74,29.556349186104043,1.0644861278769282,66.71621621621621,l5
520,175,47.21320343559643,0.9865542588496955,179.25142857142856,empty
521,122,38.97056274847714,1.009476795219884,115.90983606557377,l5
522,191,48.62741699796952,1.015034558615483,196.98429319371726,l5
523,32,21.52081528017131,0.8682452232857304,44.59375,empty
524,155,44.62741699796952,0.9779982109763025,166.3483870967742,l5
525,96,33.55634918610404,1.0713507724131794,90.23958333333333,l5
526,102,34.970562748477136,1.048105002095688,83.90196078431373,empty
527,104,35.31370849898476,1.0479885743570192,74.83653846153847,l5
528,228,54.627416997969526,0.9601152754312775,112.9780701754386,l5
529,60,26.72792206135785,1.0554331285614573,63.15,empty
530,48,24.72792206135785,0.9864517666782945,137.9375,l5
531,114,39.21320343559642,0.9316441695943489,87.59649122807018,l5
532,333,66.76955262170047,0.9386359091341391,76.09309309309309,l5
533,57,25.899494936611664,1.0678300287980818,39.56140350877193,empty
534,198,50.87005768508881,0.9615028902807427,199.91414141414143,l5
535,93,33.79898987322333,1.0230229357978815,70.34408602150538,l5
536,62,27.071067811865476,1.0631407870038037,64.0,l5
537,65,27.31370849898476,1.0948682965444396,142.2153846153846,l5
538,83,32.384776310850235,0.9945031273093146,73.86746987951807,empty
539,107,35.55634918610404,1.0635534397053956,73.07476635514018,l5
540,133,41.21320343559643,0.9839856372615985,78.86466165413533,l5
541,38,21.31370849898476,1.051175952546438,85.71052631578948,l5
542,79,30.14213562373095,1.0926697401469552,71.0253164556962,l5
543,142,41.79898987322333,1.0213312848548906,214.5281690140845,l5
544,149,42.970562748477136,1.0140375792542058,105.30201342281879,l5
545,114,36.97056274847714,1.048099690793642,52.25438596491228,l5
546,179,47.45584412271571,0.9988113971977035,162.17877094972067,l5
547,53,24.485281374238568,1.1109014545493185,69.60377358490567,empty
548,109,36.970562748477136,1.0021304061097107,54.321100917431195,empty
549,60,26.727922061357855,1.0554331285614569,81.28333333333333,l5
550,108,37.798989873223334,0.9498898157053112,111.75925925925925,l5
551,104,36.14213562373095,1.0004965163477828,91.99038461538461,l5
552,28,18.485281374238568,1.02971197692007,50.67857142857143,empty
553,98,34.14213562373095,1.0564636855271885,87.95918367346938,empty
554,167,45.79898987322333,1.0004941100039493,211.79041916167665,l5
555,183,48.04163056034261,0.9963810872007508,191.08196721311475,empty
556,68,28.727922061357855,1.0354052171764774,39.63235294117647,l5
557,57,26.72792206135786,1.002661472133384,62.08771929824562,l5
558,110,37.798989873223334,0.9674803678480022,119.68181818181819,l5
559,42,23.899494936611664,0.9240207162045382,62.92857142857143,l5
560,52,25.313708498984763,1.0197686539897803,50.94230769230769,empty
561,70,28.727922061357855,1.0658583117993148,46.128571428571426,l5
562,30,18.485281374238568,1.1032628324143605,33.93333333333333,l5
563,61,26.899494936611667,1.0593792140688123,76.65573770491804,l5
564,91,32.14213562373095,1.1068832049187363,84.84615384615384,empty
565,164,45.798989873223334,0.9825211619200456,138.9329268292683,l5
566,153,43.79898987322333,1.002243170790661,128.98692810457516,l5
567,234,55.698484809834994,0.9478485703466011,176.991452991453,empty
568,205,52.04163056034262,0.9511783012366303,187.51707317073172,l5
569,19,13.899494936611667,1.2358490431142117,60.94736842105263,l5
570,130,41.21320343559643,0.9617904725113369,84.66153846153846,l5
571,164,44.62741699796952,1.0347852038717007,157.8231707317073,empty
572,188,49.45584412271571,0.9659006882058299,155.36702127659575,l5
573,175,47.21320343559643,0.9865542588496955,178.77142857142857,l5
574,108,36.384776310850235,1.0251660159059957,98.72222222222223,empty
575,89,32.72792206135785,1.04415027248501,96.49438202247191,l5
576,75,29.31370849898476,1.09680544486394,73.36,empty
577,88,32.14213562373095,1.070392549811525,70.4090909090909,empty
578,151,43.21320343559643,1.0161407941872642,136.58940397350995,l5
579,96,34.14213562373095,1.0349032021490827,65.44791666666667,l5
580,137,41.79898987322333,0.9853689156698592,111.44525547445255,l5
581,113,36.970562748477136,1.0389058338568562,70.23008849557522,l5
582,105,35.55634918610404,1.0436739361595004,68.0,l5
583,188,49.698484809834994,0.9564921644535805,137.27659574468086,l5
584,164,46.384776310850235,0.9578616350448833,120.6951219512195,l5
585,195,52.04163056034261,0.9047793597128926,112.81538461538462,l5
586,132,40.97056274847714,0.9881888214965198,163.93939393939394,l5
587,94,34.384776310850235,0.9990916074330408,80.63829787234043,l5
588,79,31.798989873223327,0.9817712417488641,64.0,l5
589,159,44.62741699796952,1.0032368744853684,173.71069182389937,l5
590,27,19.071067811865476,0.9328753281440607,61.74074074074074,l5
591,53,28.106601717798213,0.8430805194967459,134.77358490566039,l5
592,192,50.04163056034261,0.9634921664990223,209.5625,l5
593,26,16.48528137423857,1.2022380906391712,65.96153846153847,l5
594,122,38.384776310850235,1.0405229571736412,144.70491803278688,l5
595,53,26.38477631085024,0.9567068872676382,61.83018867924528,empty
596,218,53.45584412271571,0.9586850917766567,92.26146788990826,empty
597,78,30.72792206135785,1.0380973478347282,62.07692307692308,l5
598,135,46.970562748477136,0.7689393843579163,93.66666666666667,l5
599,73,32.17766952966369,0.8859792486026499,40.45205479452055,empty
600,81,30.97056274847714,1.0611986514254057,51.98765432098765,empty
601,89,32.72792206135785,1.04415027248501,83.85393258426966,l5
602,52,26.071067811865476,0.9613810760234656,86.13461538461539,empty
603,91,32.72792206135785,1.0676143235520887,61.527472527472526,empty
604,76,30.72792206135785,1.0114794671210172,63.0921052631579,l5
605,118,38.38477631085023,1.0064074503810634,71.79661016949153,l5
606,20,18.86396103067893,0.7062753979598205,82.6,l5
607,101,35.55634918610404,1.00391492906771,137.96039603960395,l5
608,278,60.2842712474619,0.9612727460786504,185.4496402877698,l5
609,37,21.899494936611667,0.9694901259935803,69.35135135135135,l5
610,194,48.87005768508881,1.0207652822686188,111.75773195876289,l5
611,77,30.97056274847714,1.008793779750077,70.3896103896104,l5
612,98,34.14213562373095,1.0564636855271885,61.41836734693877,l5
613,51,26.48528137423857,0.9136310648240678,64.05882352941177,empty
614,97,38.04163056034261,0.8422933095465152,105.01030927835052,empty
615,188,48.62741699796952,0.9990916074330408,132.78191489361703,l5
616,124,40.14213562373095,0.9670091898715881,122.29032258064517,l5
617,44,22.48528137423857,1.0936185984037976,70.81818181818181,l5
618,116,40.72792206135785,0.8787864407712787,146.61206896551724,l5
619,177,49.45584412271571,0.9093852224065526,226.2090395480226,l5
620,180,48.04163056034261,0.980046971017132,179.0,l5
621,192,50.2842712474619,0.9542161702029717,174.94270833333334,l5
622,151,43.21320343559643,1.0161407941872642,153.47019867549668,l5
623,46,22.72792206135785,1.1190467566211404,61.04347826086956,l5
624,43,24.485281374238568,0.9012974065211452,38.325581395348834,l5
625,270,59.11269837220809,0.9709839679958466,193.78148148148148,empty
626,64,27.071067811865476,1.0974356511007006,54.296875,l5
627,72,29.313708498984763,1.0529332270693823,129.08333333333334,empty
628,117,38.384776310850235,0.9978785736829182,159.8034188034188,l5
629,149,42.62741699796952,1.0304290587461793,110.85234899328859,l5
630,157,44.384776310850235,1.0014780740717824,129.03821656050957,empty
631,77,29.556349186104047,1.1076409708989656,65.94805194805195,l5
632,114,39.21320343559643,0.9316441695943486,125.44736842105263,l5
633,105,35.55634918610404,1.0436739361595004,115.04761904761905,l5
634,173,46.384776310850235,1.0104272125778342,84.6242774566474,l5
635,70,30.14213562373095,0.9681883773454033,83.22857142857143,l5
636,92,32.97056274847714,1.063518310950036,44.880434782608695,empty
637,82,31.31370849898476,1.0508838252891521,87.91463414634147,l5
638,55,26.97056274847714,0.9501507971837658,79.0,l5
639,121,39.55634918610404,0.9717685293107984,122.34710743801652,l5
640,104,38.970562748477136,0.8605375959251472,45.44230769230769,l5
641,62,27.31370849898476,1.044335913627004,45.435483870967744,l5
642,96,35.79898987322333,0.9413249113751824,67.04166666666667,l5
643,75,31.556349186104043,0.9464498815899702,62.36,l5
644,123,39.21320343559643,1.0051950250886392,57.86178861788618,l6
645,123,39.55634918610404,0.9878308190514726,97.39837398373983,l5
646,113,38.384776310850235,0.9637630668903399,67.70796460176992,l5
647,161,45.21320343559643,0.9897036746197456,209.30434782608697,l6
648,109,36.97056274847714,1.0021304061097103,105.4862385321101,l5
649,102,36.384776310850235,0.9682123483556626,128.19607843137254,empty
650,104,34.97056274847714,1.068656080568152,61.95192307692308,empty
651,101,34.97056274847714,1.0378294628594553,63.039603960396036,l5
652,128,38.970562748477136,1.0591231949847966,152.1171875,l5
653,93,34.384776310850235,0.9884629733114125,71.76344086021506,l5
654,126,39.21320343559643,1.0297119769200695,99.86507936507937,l6
655,78,30.14213562373095,1.0788384776134494,69.6923076923077,l5
656,81,32.72792206135785,0.9502940682166944,143.19753086419752,l5
657,18,14.035533905932738,1.1482183780784236,77.38888888888889,empty
658,105,35.79898987322333,1.0295741218166057,98.17142857142858,empty
659,114,39.55634918610404,0.915550515218438,133.7982456140351,l6
660,33,22.142135623730947,0.845833322793708,77.42424242424242,l5
661,89,33.55634918610404,0.9932314452580517,108.21348314606742,l6
662,169,46.970562748477136,0.9625981922702804,137.2662721893491,l6
663,68,28.72792206135785,1.0354052171764776,176.61764705882354,l6
664,76,29.31370849898476,1.1114295174621258,50.921052631578945,l5
665,139,44.62741699796952,0.877043556940039,187.19424460431654,empty
666,80,30.727922061357855,1.064715228548439,50.925,l5
667,68,28.14213562373095,1.0789583326647456,125.20588235294117,l5
668,80,30.72792206135785,1.0647152285484391,50.3875,empty
669,90,32.97056274847714,1.0403983476685135,70.15555555555555,l6
670,56,25.31370849898476,1.0982123966043793,38.785714285714285,l5
671,150,44.04163056034261,0.9717942923203272,173.87333333333333,l6
672,241,55.11269837220809,0.9970651952786562,164.59751037344398,l6
673,86,32.970562748477136,0.9941584211054687,47.98837209302326,l6
674,70,28.14213562373095,1.110692401272532,44.58571428571429,l6
675,68,27.899494936611664,1.0978072487376416,76.41176470588235,l5
676,134,41.21320343559643,0.9913840255116857,127.84328358208955,l6
677,54,25.071067811865476,1.0795877816079782,58.351851851851855,l5
678,85,31.556349186104043,1.0726431991352996,166.4,l5
679,134,40.384776310850235,1.032474416146761,111.08955223880596,empty
680,87,33.72792206135786,0.9610587682942462,178.95402298850576,l6
681,148,43.21320343559643,0.9959525664881796,159.89864864864865,l5
682,84,32.14213562373095,1.0217383430019105,66.20238095238095,l6
683,120,38.38477631085023,1.0234652037773524,111.025,l5
684,83,31.556349186104043,1.0474045356262338,124.18072289156626,empty
685,81,30.727922061357855,1.0780241689052945,47.41975308641975,l6
686,127,38.970562748477136,1.0508487950239778,233.18897637795277,empty
687,170,45.798989873223334,1.018467058087852,124.16470588235295,l6
688,88,32.72792206135785,1.0324182469514704,53.93181818181818,l6
689,91,32.384776310850235,1.0903588504234654,72.64835164835165,l6
690,172,48.04163056034261,0.9364893278608151,121.31395348837209,l6
691,29,19.31370849898476,0.9769594030704232,65.34482758620689,l6
692,82,30.72792206135785,1.09133310926215,52.96341463414634,l5
693,68,27.899494936611664,1.0978072487376416,157.69117647058823,l5
694,41,21.31370849898476,1.1341635277474724,84.29268292682927,l5
695,234,55.698484809834994,0.9478485703466011,194.4957264957265,l6
696,207,50.62741699796952,1.0148659200763683,152.256038647343,l6
697,85,32.384776310850235,1.018467058087852,77.4,l5
698,86,32.14213562373095,1.0460654464067178,86.6046511627907,l6
699,106,35.798989873223334,1.03937958964343,114.5,l6
700,97,33.55634918610404,1.0825106762924832,88.63917525773196,l6
701,67,28.14213562373095,1.063091298360852,88.05970149253731,l6
702,99,33.55634918610404,1.1048304840510912,58.484848484848484,l6
703,75,30.384776310850235,1.0208432005914823,92.33333333333333,l6
704,107,36.384776310850235,1.0156737379809402,188.21495327102804,l5
705,119,38.38477631085023,1.0149363270792078,155.9327731092437,l6
706,120,38.97056274847714,0.9929279952982464,158.54166666666666,l6
707,86,31.556349186104043,1.0852625308898325,70.97674418604652,l5
708,65,28.727922061357855,0.9897255752422209,48.10769230769231,empty
709,88,32.14213562373095,1.070392549811525,66.98863636363636,empty
710,105,35.55634918610404,1.0436739361595004,67.62857142857143,l6
711,79,30.14213562373095,1.0926697401469552,59.139240506329116,l6
712,49,24.14213562373095,1.0564636855271885,78.12244897959184,l6
713,76,30.72792206135785,1.0114794671210172,115.15789473684211,l6
714,66,27.899494936611664,1.065518800245358,60.22727272727273,l6
715,53,24.727922061357855,1.0892071590406167,59.0377358490566,empty
716,179,48.2842712474619,0.9648316311702385,212.60893854748602,l6
717,115,37.21320343559643,1.0435507873964818,95.51304347826087,l6
718,38,21.31370849898476,1.051175952546438,58.63157894736842,l5
719,59,26.727922061357855,1.037842576418766,40.813559322033896,l6
720,51,24.485281374238568,1.0689806449436838,47.372549019607845,empty
721,76,30.14213562373095,1.051175952546438,77.01315789473684,l6
722,36,21.863961030678926,0.9463562954971037,54.30555555555556,empty
723,104,34.97056274847714,1.068656080568152,73.98076923076923,l6
724,39,21.72792206135785,1.0380973478347282,68.0,empty
725,75,30.14213562373095,1.0373446900129322,59.54666666666667,l6
726,127,39.55634918610404,1.0199553985328214,138.4488188976378,l6
727,100,34.970562748477136,1.0275539236232234,104.6,l6
728,127,40.142135623730944,0.990404573497514,128.4724409448819,l6
729,101,34.970562748477136,1.0378294628594558,76.60396039603961,l6
730,79,30.97056274847714,1.0349962155877415,79.79746835443038,l6
731,83,31.556349186104043,1.0474045356262338,52.83132530120482,l6
732,42,22.86396103067893,1.0096159708561445,70.76190476190476,l6
733,118,38.142135623730944,1.0192526733425853,68.27118644067797,l6
734,79,30.727922061357855,1.0514062881915835,65.0886075949367,l6
735,94,33.55634918610404,1.0490309646545715,76.09574468085107,empty
736,81,32.384776310850235,0.9705391965307768,121.8641975308642,l6
737,105,37.384776310850235,0.9440817236175237,60.95238095238095,l6
738,59,26.14213562373095,1.0848751185407877,41.779661016949156,empty
739,75,30.727922061357855,0.9981705267641615,101.25333333333333,empty
740,114,38.62741699796952,0.9601152754312778,201.21052631578948,empty
741,65,26.727922061357855,1.1433858892749118,61.49230769230769,l6
742,73,28.970562748477143,1.0929967268067566,137.6164383561644,empty
743,40,24.14213562373095,0.8624193351242355,58.25,empty
744,58,26.97056274847714,1.0019772043028803,45.94827586206897,l6
745,193,50.04163056034261,0.9685103548662046,151.56476683937825,l6
746,64,27.556349186104047,1.0591231949847961,71.078125,l6
747,46,22.72792206135785,1.1190467566211404,48.28260869565217,l6
748,66,27.31370849898476,1.111712424183585,70.57575757575758,l6
749,54,25.31370849898476,1.05899052529708,41.55555555555556,l6
750,89,32.97056274847714,1.0288383660277522,106.56179775280899,l6
751,123,39.21320343559643,1.0051950250886392,224.5772357723577,empty
752,117,36.97056274847714,1.075681261604001,79.82905982905983,l6
753,94,34.384776310850235,0.9990916074330408,63.659574468085104,l6
754,124,42.62741699796952,0.8575382770773573,72.0241935483871,l6
755,110,36.142135623730944,1.0582174692140014,186.75454545454545,l6
756,88,33.79898987322333,0.9680217026904686,90.10227272727273,l6
757,23,17.485281374238568,0.9453496097333655,63.391304347826086,l6
758,79,30.14213562373095,1.0926697401469552,73.60759493670886,l6
759,89,32.14213562373095,1.082556101513929,56.68539325842696,l6
760,63,26.727922061357855,1.10820478498953,61.96825396825397,empty
761,81,30.72792206135785,1.0780241689052947,67.18518518518519,l6
762,41,22.14213562373095,1.050883825289152,48.951219512195124,l6
763,90,32.97056274847714,1.0403983476685135,60.21111111111111,l6
764,44,22.48528137423857,1.0936185984037976,64.13636363636364,empty
765,122,38.38477631085023,1.0405229571736418,71.40983606557377,l6
766,93,32.72792206135785,1.0910783746191677,77.03225806451613,l6
767,57,26.142135623730947,1.0480996907936426,72.73684210526316,l6
768,59,26.14213562373095,1.0848751185407877,64.20338983050847,l6
769,41,22.727922061357855,0.997411239597103,81.41463414634147,l6
770,91,33.55634918610404,1.0155512530166595,50.2967032967033,l6
771,70,28.72792206135785,1.0658583117993152,53.94285714285714,l6
772,47,22.485281374238568,1.1681835028404206,63.02127659574468,l6
773,100,34.72792206135785,1.0419629285455556,57.98,l6
774,68,28.97056274847714,1.018133937299445,56.13235294117647,l6
775,72,29.556349186104043,1.035716232528903,50.416666666666664,l6
776,79,29.899494936611664,1.1104761890034027,64.60759493670886,l6
777,119,38.97056274847714,0.9846535953374277,186.3109243697479,l6
778,75,30.14213562373095,1.0373446900129322,71.21333333333334,l6
779,123,39.21320343559643,1.0051950250886392,146.15447154471545,l6
780,117,39.55634918610404,0.9396439498294495,117.04273504273505,l6
781,66,27.899494936611664,1.065518800245358,73.25757575757575,l6
782,107,34.970562748477136,1.099482698276849,94.27102803738318,empty
783,53,26.72792206135786,0.9322992635626203,72.26415094339623,l6
784,113,37.21320343559643,1.0254020780504558,63.176991150442475,l6
785,73,29.899494936611664,1.0261362252816253,72.46575342465754,l6
786,78,30.14213562373095,1.0788384776134494,58.205128205128204,l6
787,105,38.72792206135785,0.8797327742776394,88.86666666666666,l6
788,165,46.04163056034261,0.9781206251851097,149.74545454545455,l6
789,221,52.62741699796952,1.002716191367924,188.71493212669682,l6
790,99,34.14213562373095,1.0672439272162415,73.4949494949495,l6
791,160,45.79898987322333,0.9585572311415081,122.14375,l6
792,28,20.65685424949238,0.8245927743585106,52.357142857142854,l6
793,100,33.55634918610404,1.1159903879303952,163.42,l6
794,95,33.31370849898476,1.0756909300497037,98.36842105263158,l6
795,80,32.384776310850235,0.9585572311415079,140.6125,l6
796,157,43.79898987322333,1.0284456066283252,199.9044585987261,l6
797,54,24.72792206135785,1.1097582375130812,43.77777777777778,l6
798,23,17.071067811865476,0.9917822353928708,44.869565217391305,empty
799,149,42.62741699796952,1.0304290587461793,202.71812080536913,l6
800,59,26.72792206135785,1.0378425764187664,54.05084745762712,l6
801,174,48.04163056034262,0.9473787386498939,206.5977011494253,l6
802,61,27.313708498984763,1.0274917859878585,50.98360655737705,l6
803,76,30.970562748477143,0.9956925618312447,131.52631578947367,empty
804,71,30.14213562373095,0.9820196398789092,72.05633802816901,l6
805,69,28.97056274847714,1.0331064952009072,57.42028985507246,l6
806,48,23.899494936611664,1.0560236756623294,48.75,empty
807,128,40.384776310850235,0.9862442184088464,84.1171875,l6
808,45,23.071067811865476,1.0623973687615436,83.44444444444444,empty
809,55,25.31370849898476,1.0786014609507297,43.90909090909091,empty
810,63,27.31370849898476,1.0611800412661492,92.4920634920635,empty
811,77,31.556349186104043,0.9716885450990361,78.62337662337663,l6
812,87,33.31370849898476,0.985106430677097,96.28735632183908,empty
813,76,30.14213562373095,1.051175952546438,75.64473684210526,l6
814,39,21.31370849898476,1.0788384776134494,49.82051282051282,l6
815,106,35.55634918610404,1.053613687932448,103.66981132075472,l6
816,152,43.79898987322333,0.9956925618312449,141.875,l6
817,131,39.798989873223334,1.039290746905012,141.1145038167939,l6
818,74,28.727922061357855,1.12676450104499,79.52702702702703,l6
819,78,29.899494936611667,1.0964195283831062,66.16666666666667,l6
820,76,30.899494936611667,1.0002779485228688,112.78947368421052,empty
821,59,27.692388155425117,0.9668098245109092,106.69491525423729,l6
822,70,30.142135623730947,0.9681883773454035,113.74285714285715,l6
823,60,26.72792206135785,1.0554331285614573,56.916666666666664,l6
824,17,13.242640687119286,1.218174753098757,44.11764705882353,empty
825,102,36.72792206135785,0.950205017727719,60.92156862745098,l6
826,116,37.798989873223334,1.020252024276075,176.02586206896552,l6
827,68,28.485281374238568,1.0531197300295014,66.25,l6
828,84,32.384776310850235,1.0064850926985833,90.72619047619048,l6
829,89,33.55634918610404,0.9932314452580517,134.0561797752809,l6
830,46,22.48528137423857,1.1433285346948794,40.91304347826087,l6
831,70,30.14213562373095,0.9681883773454033,103.68571428571428,l6
832,72,29.071067811865476,1.0705831214252128,73.09722222222223,l6
833,64,27.899494936611667,1.033230351753074,75.515625,l6
834,83,30.72792206135785,1.1046420496190057,62.566265060240966,l6
835,91,32.97056274847714,1.0519583293092747,98.84615384615384,empty
836,69,28.727922061357855,1.0506317644878962,69.30434782608695,l6
837,64,27.31370849898476,1.0780241689052945,50.40625,l6
838,77,29.899494936611664,1.0823628677628103,94.18181818181819,l6
839,81,31.31370849898476,1.038068168883187,85.20987654320987,l6
840,99,34.384776310850235,1.0522347780411814,83.3030303030303,l6
841,15,11.656854249492381,1.387197796891351,175.4,l6
842,97,33.55634918610404,1.0825106762924832,57.11340206185567,l6
843,41,21.656854249492376,1.098507365603729,49.51219512195122,empty
844,78,30.14213562373095,1.0788384776134494,111.16666666666667,empty
845,86,31.556349186104043,1.0852625308898325,74.6046511627907,l6
846,77,30.72792206135785,1.0247884074778728,70.87012987012987,l6
847,32,19.071067811865476,1.105630018541109,34.09375,empty
848,64,27.31370849898476,1.0780241689052945,113.5625,empty
849,40,21.31370849898476,1.1065010026804611,45.7,l6
850,70,29.31370849898476,1.0236850818730105,71.42857142857143,l6
851,15,11.621320343559642,1.3956938910021734,63.666666666666664,l6
852,75,30.14213562373095,1.0373446900129322,48.93333333333333,empty
853,27,16.485281374238568,1.2484780172022165,51.925925925925924,l6
854,167,48.04163056034261,0.909265800888117,197.31736526946108,l6
855,78,30.14213562373095,1.0788384776134494,91.48717948717949,l6
856,73,29.313708498984763,1.067557299667568,68.87671232876713,l6
857,78,29.31370849898476,1.1406776626584976,65.53846153846153,l6
858,60,26.727922061357855,1.0554331285614569,45.9,l6
859,70,29.556349186104043,1.006946337180878,98.95714285714286,l6
860,58,26.48528137423857,1.039031407054822,70.15517241379311,empty
861,87,32.384776310850235,1.0424309888663899,49.14942528735632,l6
862,45,22.485281374238568,1.1184735665493388,56.733333333333334,l6
863,91,32.970562748477136,1.0519583293092751,82.68131868131869,l6
864,44,21.899494936611667,1.1529071768572303,66.9090909090909,empty
865,55,25.899494936611664,1.0303623084893772,73.30909090909091,l6
866,97,34.970562748477136,0.9967273059145267,164.27835051546393,l6
867,69,27.31370849898476,1.1622448071010205,64.46376811594203,l6
868,69,28.14213562373095,1.0948253669686387,61.04347826086956,l6
869,92,33.55634918610404,1.0267111568959635,143.3804347826087,l6
870,44,23.313708498984763,1.0172783843869906,91.93181818181819,l6
871,46,22.727922061357855,1.11904675662114,59.0,empty
872,145,42.384776310850235,1.0142804982477451,203.91034482758621,l6
873,74,28.970562748477143,1.1079692847082192,68.58108108108108,empty
874,71,28.72792206135785,1.081084859110734,85.08450704225352,empty
875,80,30.14213562373095,1.106501002680461,72.65,l6
876,70,29.556349186104047,1.0069463371808778,61.92857142857143,empty
877,65,27.31370849898476,1.0948682965444396,77.49230769230769,l6
878,42,21.31370849898476,1.1618260528144841,68.47619047619048,l6
879,69,27.31370849898476,1.1622448071010205,79.23188405797102,l6
880,106,36.384776310850235,1.0061814600558847,220.64150943396226,l6
881,78,29.556349186104047,1.122025918572978,109.32051282051282,l6
882,48,23.071067811865476,1.133223860012313,43.916666666666664,l6
883,64,26.727922061357855,1.125795337132221,53.71875,l6
884,140,41.79898987322333,1.006946337180878,137.81428571428572,l6
885,56,24.727922061357855,1.15086039445801,51.642857142857146,l6
886,70,27.899494936611667,1.1300956972299248,85.58571428571429,l6
887,61,26.48528137423857,1.0927744108680026,56.52459016393443,empty
888,64,26.727922061357855,1.125795337132221,72.78125,l6
889,82,30.727922061357855,1.0913331092621499,96.5,empty
890,71,28.72792206135786,1.0810848591107334,53.36619718309859,l6
891,76,30.727922061357855,1.011479467121017,77.97368421052632,l6
892,96,34.14213562373095,1.0349032021490827,154.8125,l6
893,107,36.384776310850235,1.0156737379809402,160.9532710280374,l6
894,97,34.970562748477136,0.9967273059145267,83.72164948453609,l6
895,101,34.384776310850235,1.0734920462844375,106.84158415841584,l6
896,77,29.556349186104043,1.1076409708989658,81.7012987012987,empty
897,65,27.313708498984763,1.0948682965444392,62.261538461538464,l6
898,78,30.14213562373095,1.0788384776134494,58.37179487179487,l6
899,66,29.31370849898476,0.9651887914802673,65.27272727272727,l6
900,80,31.556349186104047,1.0095465403626347,47.075,l6
901,67,27.899494936611664,1.0816630244914995,191.40298507462686,empty
902,84,32.384776310850235,1.0064850926985833,97.35714285714286,l6
903,32,19.313708498984763,1.078024168905294,67.96875,l6
904,67,28.97056274847714,1.0031613793979823,75.91044776119404,l6
905,78,30.14213562373095,1.0788384776134494,91.62820512820512,l6
906,42,24.349242404917497,0.8902013486830916,42.07142857142857,l6
907,69,28.14213562373095,1.0948253669686387,47.65217391304348,empty
908,69,28.14213562373095,1.0948253669686387,71.94202898550725,l6
909,72,28.72792206135785,1.0963114064221526,75.34722222222223,empty
910,72,29.313708498984763,1.0529332270693823,78.98611111111111,l6
911,80,30.97056274847714,1.0480974335065736,56.6,l6
912,77,29.31370849898476,1.1260535900603117,59.22077922077922,l6
913,77,29.31370849898476,1.1260535900603117,69.11688311688312,empty
914,51,23.31370849898476,1.1791181273576488,76.43137254901961,l6
915,74,28.727922061357855,1.12676450104499,76.71621621621621,l6
916,50,23.899494936611667,1.1000246621482594,58.92,l6
917,20,16.692388155425117,0.9019924652340076,64.9,empty
918,77,30.14213562373095,1.0650072150799437,159.76623376623377,l6
919,96,34.14213562373095,1.0349032021490827,65.65625,l6
920,78,29.899494936611667,1.0964195283831062,60.44871794871795,l6
921,42,21.071067811865476,1.1887377782920905,105.28571428571429,empty
922,68,28.14213562373095,1.0789583326647456,84.79411764705883,l6
923,128,40.384776310850235,0.9862442184088464,65.5859375,l6
924,63,27.071067811865476,1.0802882190522523,54.46031746031746,empty
925,65,27.31370849898476,1.0948682965444396,55.07692307692308,l6
926,95,34.14213562373095,1.0241229604600297,82.74736842105263,l6
927,77,30.14213562373095,1.0650072150799437,68.74025974025975,l6
928,65,27.556349186104043,1.075671994906434,53.56923076923077,l6
929,81,30.14213562373095,1.1203322652139667,84.44444444444444,empty
930,72,28.727922061357855,1.0963114064221524,84.11111111111111,l6
931,82,30.727922061357855,1.0913331092621499,84.89024390243902,l6
932,108,36.142135623730944,1.0389771515919286,134.7314814814815,l6
933,86,33.55634918610404,0.9597517336201398,113.02325581395348,l6
934,67,28.72792206135786,1.0201786698650581,149.16417910447763,l6
935,72,30.384776310850235,0.9800094725678229,68.58333333333333,l6
936,65,27.31370849898476,1.0948682965444396,50.56923076923077,l6
937,57,25.071067811865476,1.139564880586199,78.0701754385965,l6
938,110,35.55634918610404,1.0933726950242386,167.21818181818182,l6
939,94,33.55634918610404,1.0490309646545715,123.0,l6
940,78,30.970562748477143,1.021894997668909,73.97435897435898,l6
941,52,25.48528137423857,1.006084230729355,78.28846153846153,empty
942,70,28.72792206135785,1.0658583117993152,67.0,l6
943,98,34.14213562373095,1.0564636855271885,107.22448979591837,l6
944,123,38.14213562373095,1.062441345941847,216.3252032520325,l6
945,59,25.899494936611667,1.1052977491067861,77.13559322033899,empty
946,81,30.970562748477143,1.0611986514254055,79.44444444444444,l6
947,104,35.55634918610404,1.0337341843865528,203.1153846153846,l6
948,126,38.384776310850235,1.0746384639662196,147.05555555555554,l6
949,54,24.485281374238568,1.1318618593521357,75.27777777777777,l6
950,110,37.79898987322333,0.9674803678480025,211.62727272727273,l6
951,75,29.313708498984763,1.0968054448639397,84.36,empty
952,92,36.384776310850235,0.8732895691051075,57.891304347826086,l6
953,76,29.31370849898476,1.1114295174621258,70.03947368421052,l6
954,70,28.72792206135785,1.0658583117993152,81.65714285714286,l6
955,73,31.899494936611664,0.9014987113442844,81.8082191780822,l6
956,78,29.31370849898476,1.1406776626584976,66.7051282051282,l6
957,91,32.72792206135785,1.0676143235520887,147.5164835164835,empty
958,54,25.071067811865476,1.0795877816079782,67.03703703703704,l6
959,56,25.899494936611664,1.0490961686437295,82.33928571428571,empty
960,69,28.14213562373095,1.0948253669686387,69.94202898550725,empty
961,20,17.65685424949238,0.806145057197707,66.75,l6
962,104,35.55634918610404,1.0337341843865528,65.29807692307692,l6
963,64,28.14213562373095,1.0154901954491722,75.328125,l6
964,29,19.86396103067893,0.9235834729376197,53.03448275862069,l6
965,120,38.970562748477136,0.9929279952982467,100.75833333333334,l6
966,82,31.556349186104047,1.0347852038717005,55.170731707317074,l6
967,135,40.384776310850235,1.04017944910308,169.65185185185186,l6
968,35,20.52081528017131,1.0444524819843681,49.114285714285714,l6
969,39,24.14213562373095,0.8408588517461296,68.35897435897436,l6
970,85,32.14213562373095,1.0339018947043142,124.98823529411764,l6
971,29,19.071067811865476,1.00197720430288,110.75862068965517,l6
972,75,29.556349186104043,1.0788710755509408,61.053333333333335,l6
973,88,32.14213562373095,1.070392549811525,103.72727272727273,l6
974,70,28.727922061357855,1.0658583117993148,119.3,empty
975,52,23.899494936611667,1.14402564863419,37.19230769230769,l6
976,46,22.48528137423857,1.1433285346948794,48.65217391304348,empty
977,94,33.31370849898476,1.064367867628128,240.4787234042553,l6
978,113,36.970562748477136,1.0389058338568562,151.95575221238937,l6
979,60,26.727922061357855,1.0554331285614569,49.483333333333334,l6
980,63,27.899494936611667,1.0170861275069323,68.15873015873017,empty
981,56,26.727922061357855,0.9850709199906932,76.76785714285714,l6
982,69,28.72792206135786,1.0506317644878957,74.0,l6
983,69,28.14213562373095,1.0948253669686387,82.53623188405797,l6
984,44,23.899494936611664,0.9680217026904684,62.70454545454545,l6
985,58,25.899494936611667,1.0865638889524338,50.3448275862069,empty
986,98,34.14213562373095,1.0564636855271885,72.91836734693878,l6
987,56,24.727922061357855,1.15086039445801,64.78571428571429,l6
988,74,29.556349186104043,1.0644861278769282,56.37837837837838,l6
989,94,33.55634918610404,1.0490309646545715,72.24468085106383,l6
990,53,26.14213562373095,0.9745488352993515,173.75471698113208,l6
991,54,24.52081528017131,1.128583801040381,62.77777777777778,empty
992,60,32.970562748477136,0.6935988984456758,123.83333333333333,empty
993,80,31.556349186104043,1.009546540362635,57.6625,l6
994,35,19.071067811865476,1.209282832779338,79.6,l6
995,112,37.21320343559643,1.016327723377443,57.607142857142854,l6
996,32,19.071067811865476,1.105630018541109,42.65625,l6
997,94,33.55634918610404,1.0490309646545715,53.53191489361702,l6
998,93,34.14213562373095,1.0025624770819237,77.13978494623656,l6
999,71,29.556349186104043,1.0213312848548906,89.32394366197182,l6
1000,68,28.727922061357855,1.0354052171764774,42.61764705882353,empty
1001,25,17.44974746830583,1.0317431167648932,90.6,l6
1002,63,26.727922061357855,1.10820478498953,37.476190476190474,l6
1003,95,34.384776310850235,1.0097202415546689,213.56842105263158,l6
1004,99,34.970562748477136,1.0172783843869913,78.20202020202021,l6
1005,82,30.72792206135785,1.09133310926215,79.7560975609756,l6
1006,63,27.31370849898476,1.0611800412661492,78.28571428571429,l6
1007,87,31.31370849898476,1.1149621073189784,81.25287356321839,l6
1008,73,29.31370849898476,1.0675572996675682,57.61643835616438,l6
1009,72,29.313708498984763,1.0529332270693823,71.98611111111111,l6
1010,79,30.384776310850235,1.0752881712896947,81.73417721518987,l6
1011,132,39.798989873223334,1.0472242640569587,158.96212121212122,l6
1012,81,30.727922061357855,1.0780241689052945,49.2962962962963,l6
1013,87,32.14213562373095,1.0582289981091215,62.6551724137931,l6
1014,53,25.313708498984763,1.03937958964343,56.35849056603774,l6
1015,82,30.727922061357855,1.0913331092621499,66.17073170731707,l6
1016,54,24.727922061357855,1.109758237513081,140.16666666666666,l6
1017,95,34.14213562373095,1.0241229604600297,58.4,l6
1018,79,30.14213562373095,1.0926697401469552,66.26582278481013,empty
1019,53,24.72792206135785,1.089207159040617,50.679245283018865,l6
1020,44,26.14213562373095,0.8090594104371974,58.54545454545455,empty
1021,70,28.727922061357855,1.0658583117993148,48.58571428571429,l6
1022,85,32.72792206135785,0.9972221703508523,83.38823529411765,l6
1023,76,30.970562748477143,0.9956925618312447,96.34210526315789,l6
1024,78,30.727922061357855,1.038097347834728,76.3076923076923,l6
1025,43,21.899494936611664,1.1267047410195665,49.58139534883721,l6
1026,50,23.899494936611664,1.1000246621482597,43.14,empty
1027,64,27.31370849898476,1.0780241689052945,57.109375,l6
1028,98,34.142135623730944,1.0564636855271887,156.94897959183675,l6
1029,34,21.55634918610405,0.9194716877439885,51.470588235294116,empty
1030,58,25.899494936611664,1.086563888952434,42.741379310344826,l6
1031,95,32.97056274847714,1.0981982558723198,72.74736842105263,l6
1032,93,33.55634918610404,1.0378710607752675,64.01075268817205,l6
1033,55,25.899494936611664,1.0303623084893772,92.98181818181818,l6
1034,59,26.48528137423857,1.0569457416592156,107.84745762711864,l6
1035,93,34.14213562373095,1.0025624770819237,92.44086021505376,empty
1036,50,23.31370849898476,1.1559981640761263,49.58,l6
1037,50,24.72792206135785,1.0275539236232234,42.12,l6
1038,75,29.556349186104043,1.0788710755509408,55.56,l6
1039,84,31.556349186104047,1.0600238673807665,52.964285714285715,empty
1040,75,30.142135623730947,1.0373446900129324,78.84,l6
1041,60,25.899494936611664,1.1240316092611387,60.35,empty
1042,46,22.485281374238568,1.1433285346948796,69.82608695652173,l6
1043,72,28.72792206135785,1.0963114064221526,72.59722222222223,empty
1044,33,19.071067811865476,1.1401809566205188,51.75757575757576,l6
1045,69,27.899494936611667,1.113951472983783,52.68115942028985,empty
1046,85,32.14213562373095,1.0339018947043142,90.84705882352941,l6
1047,90,34.14213562373095,0.970221752014765,81.86666666666666,l6
1048,112,38.14213562373095,0.9674262662234704,127.65178571428571,empty
1049,75,29.899494936611667,1.0542495465222175,110.92,empty
1050,99,34.14213562373095,1.0672439272162415,68.81818181818181,empty
1051,39,23.31370849898476,0.9016785679793784,85.87179487179488,l6
1052,123,39.79898987322333,0.975822609689439,100.69918699186992,empty
1053,70,28.14213562373095,1.110692401272532,43.17142857142857,l6
1054,78,31.556349186104047,0.9843078768535688,89.01282051282051,empty
1055,35,24.31370849898476,0.7440043885139664,50.68571428571428,l6
1056,69,28.485281374238568,1.0686067848828764,103.47826086956522,empty
1057,88,34.48528137423857,0.9298758922834354,177.70454545454547,l6
1058,60,25.899494936611664,1.1240316092611387,85.11666666666666,l6
1059,70,28.727922061357855,1.0658583117993148,63.42857142857143,empty
1060,46,21.899494936611667,1.2053120485325592,54.28260869565217,empty
1061,36,19.65685424949238,1.1708043566345168,44.44444444444444,empty
1062,98,34.384776310850235,1.041606143919553,239.18367346938774,l6
1063,64,28.142135623730947,1.0154901954491724,64.828125,l6
1064,134,39.79898987322333,1.0630912983608523,127.23134328358209,l6
1065,59,25.899494936611667,1.1052977491067861,42.83050847457627,empty
1066,59,25.31370849898476,1.157045203565328,58.52542372881356,empty
1067,91,32.72792206135785,1.0676143235520887,105.46153846153847,empty
1068,104,35.21320343559643,1.0539794221600367,201.05769230769232,l6
1069,89,32.970562748477136,1.0288383660277527,117.56179775280899,empty
1070,92,32.970562748477136,1.0635183109500363,67.81521739130434,empty
1071,46,23.31370849898476,1.0635183109500361,82.34782608695652,l6
1072,74,29.313708498984763,1.082181372265754,103.52702702702703,empty
1073,86,34.14213562373095,0.9271007852585531,126.09302325581395,empty
1074,69,28.727922061357855,1.0506317644878962,103.94202898550725,l6
1075,81,31.556349186104043,1.0221658721171678,53.65432098765432,empty
1076,92,33.55634918610404,1.0267111568959635,138.69565217391303,empty
1077,69,28.727922061357855,1.0506317644878962,154.63768115942028,l6
1078,93,32.97056274847714,1.0750782925907971,88.3225806451613,empty
1079,49,24.14213562373095,1.0564636855271885,47.46938775510204,l6
1080,91,32.14213562373095,1.1068832049187363,85.96703296703296,empty
1081,73,28.727922061357855,1.1115379537335712,49.58904109589041,empty
1082,76,29.556349186104043,1.093256023224953,68.76315789473684,empty
1083,63,27.31370849898476,1.0611800412661492,50.857142857142854,empty
1084,95,33.55634918610404,1.0601908685338755,109.85263157894737,empty
1085,82,31.31370849898476,1.0508838252891521,129.0609756097561,empty
1086,76,30.14213562373095,1.051175952546438,91.92105263157895,empty
1087,77,30.72792206135785,1.0247884074778728,90.51948051948052,empty
1088,66,27.313708498984763,1.1117124241835845,73.22727272727273,empty
1089,103,36.970562748477136,0.9469672644889928,100.94174757281553,empty
1090,66,28.97056274847714,0.9881888214965201,106.16666666666667,empty
1091,55,25.31370849898476,1.0786014609507297,68.38181818181818,empty
1092,64,26.727922061357855,1.125795337132221,47.484375,empty
1093,51,23.31370849898476,1.1791181273576488,53.09803921568628,empty
1094,91,32.14213562373095,1.1068832049187363,114.02197802197803,empty
1095,80,30.970562748477143,1.0480974335065734,56.8625,empty
1096,105,35.55634918610404,1.0436739361595004,134.9047619047619,empty
1097,69,29.79898987322333,0.9764631750256457,64.69565217391305,empty
1098,46,22.485281374238568,1.1433285346948796,45.67391304347826,empty
1099,87,32.384776310850235,1.0424309888663899,84.17241379310344,empty
1100,67,28.384776310850235,1.0449938019580065,55.208955223880594,empty
1101,85,32.384776310850235,1.018467058087852,113.29411764705883,empty
1102,75,29.899494936611664,1.0542495465222177,146.57333333333332,empty
1103,79,30.14213562373095,1.0926697401469552,124.9367088607595,empty
1104,71,28.727922061357855,1.0810848591107336,70.47887323943662,empty
1105,52,23.899494936611664,1.1440256486341902,51.07692307692308,empty
1106,75,30.14213562373095,1.0373446900129322,47.266666666666666,empty
1107,36,20.485281374238568,1.0780241689052947,40.52777777777778,empty
1108,54,24.727922061357855,1.109758237513081,85.96296296296296,empty
1109,105,36.970562748477136,0.9653549783625656,109.91428571428571,empty
1110,67,27.899494936611664,1.0816630244914995,54.02985074626866,empty
1111,75,30.14213562373095,1.0373446900129322,65.76,empty
1112,60,26.14213562373095,1.10326283241436,64.91666666666667,empty
1113,62,26.485281374238568,1.1106887454723964,64.11290322580645,empty
1114,30,18.485281374238568,1.1032628324143605,64.93333333333334,empty
1115,83,32.14213562373095,1.0095747912995068,85.43373493975903,empty
1116,60,26.72792206135785,1.0554331285614573,132.98333333333332,empty
1117,88,32.14213562373095,1.070392549811525,67.04545454545455,empty
1118,68,28.72792206135785,1.0354052171764776,112.95588235294117,empty
1119,51,24.485281374238568,1.0689806449436838,60.21568627450981,empty
1120,16,12.449747468305834,1.2972054426585062,62.75,empty
1121,60,25.899494936611664,1.1240316092611387,68.65,empty
1122,33,19.65685424949238,1.0732373269149738,64.81818181818181,empty
1123,25,16.485281374238568,1.1559981640761265,48.36,empty
1124,49,24.72792206135785,1.0070028451507589,57.142857142857146,empty
1125,92,35.21320343559643,0.9323664119108016,147.7826086956522,empty
1126,106,36.384776310850235,1.0061814600558847,172.20754716981133,empty
1127,83,32.384776310850235,0.9945031273093146,155.57831325301206,empty
1128,18,14.242640687119286,1.1150679494430014,79.55555555555556,empty
1129,65,27.31370849898476,1.0948682965444396,118.06153846153846,empty
1130,31,18.485281374238568,1.140038260161506,63.354838709677416,empty
1131,38,21.31370849898476,1.051175952546438,43.81578947368421,empty
1132,55,25.31370849898476,1.0786014609507297,64.10909090909091,empty
1133,48,22.727922061357855,1.1677009634307547,67.10416666666667,empty
1134,67,27.31370849898476,1.12855655182273,102.76119402985074,empty
1135,101,35.55634918610404,1.00391492906771,128.03960396039605,empty
1136,15,12.242640687119286,1.2576242881690394,53.733333333333334,empty
1137,43,22.485281374238568,1.068763630258257,54.651162790697676,empty
1138,52,25.071067811865476,1.039603048955831,58.07692307692308,empty
1139,38,21.071067811865476,1.0755246565499865,69.5,empty
1140,59,26.14213562373095,1.0848751185407877,58.559322033898304,empty
1141,88,35.31370849898476,0.8867595629174776,169.77272727272728,empty
1142,52,24.485281374238568,1.0899410497465012,158.67307692307693,empty
1143,57,25.899494936611664,1.0678300287980818,58.719298245614034,empty
1144,34,19.44974746830583,1.1294339735833496,90.52941176470588,empty
1145,50,26.14213562373095,0.9193856936786335,193.84,empty
1146,53,25.31370849898476,1.0393795896434304,87.13207547169812,empty
1147,26,16.65685424949238,1.1775984918438862,169.96153846153845,empty
1148,44,21.899494936611664,1.1529071768572308,51.5,empty
1149,48,22.485281374238568,1.1930384709859614,85.25,empty
1150,60,26.485281374238568,1.0748600762636094,227.5,empty
1151,29,18.48528137423857,1.0664874046672148,57.6551724137931,empty
1152,54,24.727922061357855,1.109758237513081,88.61111111111111,empty
1153,45,23.071067811865472,1.0623973687615438,164.6,empty
1154,47,23.899494936611664,1.0340231824193642,176.19148936170214,empty
1155,39,21.899494936611667,1.021894997668909,254.69230769230768,empty
1156,22,15.071067811865474,1.2171511029485071,91.54545454545455,empty
1157,46,22.727922061357855,1.11904675662114,88.8695652173913,empty
1158,46,23.071067811865476,1.0860061991784666,110.8913043478261,empty
1159,52,24.14213562373095,1.1211451356615063,96.8076923076923,empty
1160,40,23.31370849898476,0.924798531260901,119.7,empty
1161,51,25.65685424949238,0.973583547037986,114.29411764705883,empty
1162,37,22.485281374238568,0.9196338213850119,190.3783783783784,empty
1163,63,29.899494936611664,0.885569619078663,102.42857142857143,empty
1164,56,29.31370849898476,0.8189480654984085,80.25,empty
1165,66,28.485281374238568,1.0221456203227515,116.8030303030303,empty
1166,15,11.621320343559642,1.3956938910021734,71.26666666666667,empty
1167,73,29.313708498984763,1.067557299667568,39.42465753424658,empty
1168,90,32.384776310850235,1.0783768850341964,55.4,empty
1169,65,28.14213562373095,1.0313572297530655,46.07692307692308,empty
1170,95,33.55634918610404,1.0601908685338755,33.94736842105263,empty
1171,71,28.14213562373095,1.1265594355764255,49.04225352112676,empty
1172,103,36.14213562373095,0.9908763575367463,115.31067961165049,empty
1173,138,43.21320343559643,0.9286584741578973,96.3623188405797,empty
1174,84,32.97056274847714,0.9710384578239459,78.3452380952381,empty
1175,152,44.62741699796952,0.959069213344503,113.84868421052632,empty
1176,64,27.31370849898476,1.0780241689052945,46.28125,empty
1177,104,35.79898987322333,1.019768653989781,38.03846153846154,empty
1178,18,16.071067811865476,0.875775722573066,53.666666666666664,empty
1179,28,17.656854249492383,1.1286030800767892,34.535714285714285,empty
1180,37,19.899494936611667,1.1741605384881053,46.027027027027025,empty
1181,70,28.727922061357855,1.0658583117993148,54.5,empty
1182,80,32.72792206135785,0.938562042683155,49.4,empty
1183,95,33.55634918610404,1.0601908685338755,54.2,empty
1184,80,29.899494936611664,1.124532849623699,59.1625,empty
1185,80,30.97056274847714,1.0480974335065736,38.2375,empty
1186,100,35.55634918610404,0.9939751772947624,77.75,empty
1187,84,31.556349186104047,1.0600238673807665,52.95238095238095,empty
1188,60,25.899494936611664,1.1240316092611387,51.483333333333334,empty
1189,92,33.55634918610404,1.0267111568959635,48.55434782608695,empty
1190,98,34.14213562373095,1.0564636855271885,114.85714285714286,empty
1191,69,28.14213562373095,1.0948253669686387,53.65217391304348,empty
1192,53,24.485281374238568,1.1109014545493185,88.24528301886792,empty
1193,83,34.14213562373095,0.8947600601913944,71.43373493975903,empty
1194,79,31.556349186104047,0.9969272086081018,47.91139240506329,empty
1195,61,26.72792206135785,1.0730236807041484,42.52459016393443,empty
1196,37,21.31370849898476,1.0235134274794264,39.91891891891892,empty
1197,80,32.72792206135785,0.938562042683155,97.3125,empty
1198,25,17.899494936611664,0.9805467826824816,43.04,empty
1199,65,26.727922061357855,1.1433858892749118,48.41538461538462,empty
1200,18,16.27817459305202,0.8536325456160956,61.611111111111114,empty
1201,79,30.970562748477143,1.0349962155877412,77.36708860759494,empty
1202,41,22.48528137423857,1.019053693967175,59.53658536585366,empty
1203,118,38.14213562373095,1.0192526733425848,141.17796610169492,empty
1204,22,16.82842712474619,0.9762150350271482,32.13636363636363,empty
1205,93,32.970562748477136,1.0750782925907976,53.225806451612904,empty
1206,107,37.21320343559643,0.9709559500123786,127.53271028037383,empty
1207,45,23.65685424949238,1.010435019292657,47.333333333333336,empty
1208,37,21.31370849898476,1.0235134274794264,71.51351351351352,empty
1209,46,22.727922061357855,1.11904675662114,77.82608695652173,empty
1210,63,28.727922061357855,0.9592724806193834,73.57142857142857,empty
1211,41,22.485281374238568,1.0190536939671753,50.73170731707317,empty
1212,60,27.31370849898476,1.0106476583487134,53.0,empty
1213,68,29.31370849898476,0.994436936676639,86.04411764705883,empty
1214,43,26.14213562373095,0.7906716965636248,45.325581395348834,empty
1215,82,30.97056274847714,1.0742998693442378,64.71951219512195,empty
1216,50,26.242640687119287,0.9123569823216229,73.92,empty
1217,19,16.071067811865476,0.9244299293826808,50.68421052631579,empty
1218,20,15.65685424949238,1.0252525124772216,38.25,empty
1219,65,28.384776310850235,1.0137999571234393,92.70769230769231,empty
1220,80,31.556349186104043,1.009546540362635,129.7125,empty
1221,18,13.621320343559642,1.219112981268284,56.611111111111114,empty
1222,60,26.485281374238568,1.0748600762636094,65.23333333333333,empty
1223,98,33.55634918610404,1.0936705801717872,63.224489795918366,empty
1224,54,27.556349186104043,0.8936351957684221,72.24074074074075,empty
1225,24,15.65685424949238,1.230303014972666,85.29166666666667,empty
1226,35,20.485281374238568,1.0480790531023698,84.0,empty
1227,30,18.48528137423857,1.10326283241436,62.96666666666667,empty
1228,79,30.97056274847714,1.0349962155877415,68.29113924050633,empty
1229,23,16.242640687119284,1.0955303808730954,108.56521739130434,empty
1230,19,15.071067811865476,1.051175952546438,60.10526315789474,empty
1231,17,12.621320343559642,1.3410630784211335,51.35294117647059,empty
1232,101,34.72792206135786,1.0523825578310106,122.53465346534654,empty
1233,49,24.14213562373095,1.0564636855271885,47.326530612244895,empty
1234,56,26.14213562373095,1.0297119769200695,109.82142857142857,empty
1235,72,28.727922061357855,1.0963114064221524,59.84722222222222,empty
1236,18,12.621320343559642,1.4199491418576706,48.44444444444444,empty
1237,80,30.727922061357855,1.064715228548439,83.0375,empty
1238,85,32.384776310850235,1.018467058087852,57.976470588235294,empty
1239,129,41.21320343559643,0.9543920842612497,117.52713178294573,empty
1240,116,36.970562748477136,1.0664874046672153,168.6206896551724,empty
1241,56,29.556349186104043,0.8055570697447024,76.35714285714286,empty
1242,57,27.556349186104043,0.9432815955333343,61.10526315789474,empty
1243,64,27.31370849898476,1.0780241689052945,50.390625,empty
1244,104,34.970562748477136,1.0686560805681524,51.28846153846154,empty
1245,58,26.48528137423857,1.039031407054822,67.93103448275862,empty
1246,112,36.97056274847714,1.0297119769200693,106.21428571428571,empty
1247,105,35.89949493661167,1.023817352053133,58.93333333333333,empty
1248,120,38.38477631085024,1.0234652037773517,40.28333333333333,empty
1249,44,24.14213562373095,0.948661268636659,59.36363636363637,empty
1250,101,35.55634918610404,1.00391492906771,41.59405940594059,empty
1251,66,27.899494936611664,1.065518800245358,82.5,empty
1252,32126,907.819371877506,0.4898550924849312,18.53274606237938,empty
1253,165,44.62741699796952,1.041094869748967,51.06666666666667,empty
1254,48,23.31370849898476,1.1097582375130812,68.10416666666667,empty
1255,105,38.384776310850235,0.8955320533051832,73.4,empty
1256,22,16.48528137423857,1.0172783843869908,22.136363636363637,empty
1257,54,25.31370849898476,1.05899052529708,34.7037037037037,empty
1258,95,33.55634918610404,1.0601908685338755,63.410526315789475,empty
1259,27246,806.8954903232548,0.5258695690395432,17.154261175952435,empty
1260,128,41.62741699796952,0.9282413409063043,31.125,empty
1261,396,187.80508652763322,0.14108808826359023,19.946969696969695,empty
1262,70,29.556349186104047,1.0069463371808778,58.34285714285714,empty
1263,88,32.14213562373095,1.070392549811525,57.92045454545455,empty
1264,61,27.313708498984763,1.0274917859878585,79.8360655737705,empty
1265,106,36.14213562373095,1.0197368339698556,30.67924528301887,empty
1266,146,42.62741699796952,1.0096821649459207,42.85616438356164,empty
1267,49,23.899494936611664,1.0780241689052943,75.40816326530613,empty
1268,86,33.31370849898477,0.9737833682555208,53.43023255813954,empty
1269,145,43.21320343559643,0.9757643387890949,28.641379310344828,empty
1270,83,31.31370849898476,1.0636994816951175,43.963855421686745,empty
1271,91,33.72792206135785,1.0052453783307638,54.26373626373626,empty
1272,33,18.48528137423857,1.213589115655796,69.81818181818181,empty
1273,173,48.384776310850235,0.9286209814319782,59.994219653179194,empty
1274,87,32.970562748477136,1.00571840274623,53.827586206896555,empty
1275,144,41.79898987322333,1.035716232528903,38.96527777777778,empty
1276,7,0.0,0.0,19.285714285714285,empty
1277,145,119.89949493661166,0.1267485964537222,16.193103448275863,empty
1278,143,41.798989873223334,1.0285237586918965,36.77622377622377,empty
1279,161,46.04163056034261,0.954408610029107,58.75776397515528,empty
1280,379,282.0832611206852,0.059854174079061746,16.559366754617415,empty
1281,69,28.14213562373095,1.0948253669686387,76.47826086956522,empty
1282,74,45.89949493661166,0.44139333422190663,17.33783783783784,empty
1283,209,131.8345237791561,0.15111161275004825,16.023923444976077,empty
1284,146,101.55634918610403,0.17788878114853074,14.486301369863014,empty
1285,154,111.42031021678297,0.15588411377347883,17.74025974025974,empty
1286,67,31.349242404917497,0.8567035503634135,60.83582089552239,empty
1287,111,91.86396103067892,0.1652884502152062,14.54954954954955,empty
1288,84,30.727922061357855,1.117950989975861,51.083333333333336,empty
1289,580,256.1837661840736,0.11105411247111273,15.08448275862069,empty
1290,70,28.14213562373095,1.110692401272532,38.91428571428571,empty
1291,41,20.485281374238568,1.2277497479199189,39.24390243902439,empty
1292,44,28.82842712474619,0.6653047812526957,14.840909090909092,empty
1293,118,39.21320343559642,0.9643334387029225,30.1864406779661,empty
1294,161,45.21320343559643,0.9897036746197456,44.37888198757764,empty
1295,155,45.79898987322333,0.928602317668336,27.34193548387097,empty
1296,29,18.48528137423857,1.0664874046672148,43.48275862068966,empty
1297,87,34.97056274847714,0.893971913552204,56.701149425287355,empty
1298,118,38.384776310850235,1.006407450381063,47.29661016949152,empty
1299,19,18.414213562373096,0.7041369157643123,15.842105263157896,empty
1300,70,28.48528137423857,1.0840938397362512,44.128571428571426,empty
1301,135,68.90559159102153,0.35730138617398954,31.251851851851853,empty
1302,83,32.384776310850235,0.9945031273093146,54.42168674698795,empty
1303,81,31.556349186104047,1.0221658721171676,36.98765432098765,empty
1304,97,34.384776310850235,1.030977509797925,42.22680412371134,empty
1305,79,31.213203435596427,1.0189673522979015,28.379746835443036,empty
1306,74,29.31370849898476,1.082181372265754,65.45945945945945,empty
1307,179,47.79898987322333,0.9845220726226924,59.212290502793294,empty
1308,63,26.727922061357855,1.10820478498953,50.17460317460318,empty
1309,126,41.21320343559643,0.9321969195109882,84.76984126984127,empty
1310,18,4.82842712474619,9.70221752014765,15.11111111111111,empty
1311,77,30.14213562373095,1.0650072150799437,56.74025974025974,empty
1312,65,55.04163056034261,0.2696128819100354,16.276923076923076,empty
1313,97,33.55634918610404,1.0825106762924832,50.36082474226804,empty
1314,58,25.899494936611664,1.086563888952434,43.189655172413794,empty
1315,47,23.313708498984763,1.0866382742315583,46.319148936170215,empty
1316,494,225.42135623730954,0.12216497099384988,14.908906882591094,empty
1317,63,53.10660171779821,0.28070709496852847,16.19047619047619,empty
1318,39,21.31370849898476,1.0788384776134494,25.641025641025642,empty
1319,18,13.65685424949238,1.2127771900184563,49.44444444444444,empty
1320,112,38.97056274847714,0.9267327956116967,50.0,empty
1321,69,28.14213562373095,1.0948253669686387,67.92753623188406,empty
1322,107,35.798989873223334,1.0491850574702548,40.52336448598131,empty
1323,95,33.31370849898476,1.0756909300497037,37.28421052631579,empty
1324,95,35.55634918610404,0.9442764184300243,81.29473684210527,empty
1325,13,13.207106781186548,0.9365648146717186,96.46153846153847,empty
